CHR	POS	ID	REF	ALT	PRS_SCORE
4	103450498	rs10016947	T	C	0.0611
4	88322666	rs10022462	C	T	1.04
5	142290274	rs10051199	G	T	0.0293
5	1279675	rs10069690	C	T	1.18
5	1279675	rs10069690	C	T	1.15
5	1279675	rs10069690	C	T	1.18
5	1279675	rs10069690	C	T	1.13
5	1279675	rs10069690	C	T	1.06
5	1279675	rs10069690	C	T	1.24
5	1279675	rs10069690	C	T	1.18
5	1279675	rs10069690	C	T	1.06
5	1279675	rs10069690	C	T	1.3
5	1279675	rs10069690	C	T	1.06
5	1279675	rs10069690	C	T	1.18
5	1279675	rs10069690	C	T	1.15
5	1279675	rs10069690	C	T	1.18
5	1279675	rs10069690	C	T	1.13
5	1279675	rs10069690	C	T	1.06
5	1279675	rs10069690	C	T	1.24
5	1279675	rs10069690	C	T	1.18
5	1279675	rs10069690	C	T	1.06
5	1279675	rs10069690	C	T	1.3
5	1279675	rs10069690	C	T	1.06
5	1279675	rs10069690	C	T	1.18
5	1279675	rs10069690	C	T	1.15
5	1279675	rs10069690	C	T	1.18
5	1279675	rs10069690	C	T	1.13
5	1279675	rs10069690	C	T	1.06
5	1279675	rs10069690	C	T	1.24
5	1279675	rs10069690	C	T	1.18
5	1279675	rs10069690	C	T	1.06
5	1279675	rs10069690	C	T	1.3
5	1279675	rs10069690	C	T	1.06
8	127359926	rs10096351	A	G	0.1055
8	117869627	rs10103490	T	C	0.0319
9	22062135	rs1011970	G	T	1.11
9	22062135	rs1011970	G	T	0
9	22062135	rs1011970	G	T	1.07
9	22062135	rs1011970	G	T	1.1
9	22062135	rs1011970	G	T	1.06
9	22062135	rs1011970	G	T	1.09
9	22062135	rs1011970	G	T	1.06
9	22062135	rs1011970	G	T	1.05
9	22062135	rs1011970	G	T	1.11
9	22062135	rs1011970	G	T	0
9	22062135	rs1011970	G	T	1.07
9	22062135	rs1011970	G	T	1.1
9	22062135	rs1011970	G	T	1.06
9	22062135	rs1011970	G	T	1.09
9	22062135	rs1011970	G	T	1.06
9	22062135	rs1011970	G	T	1.05
9	22062135	rs1011970	G	T	1.11
9	22062135	rs1011970	G	T	0
9	22062135	rs1011970	G	T	1.07
9	22062135	rs1011970	G	T	1.1
9	22062135	rs1011970	G	T	1.06
9	22062135	rs1011970	G	T	1.09
9	22062135	rs1011970	G	T	1.06
9	22062135	rs1011970	G	T	1.05
2	19212878	rs10169133	G	C	0.0364
5	56857565	rs1017226	T	C	1.33
11	7379559	rs1023996	G	A	1.32
7	67594280	rs10263639	T	C	0
7	94758031	rs10269006	G	T	0.0335
19	51869723	rs10411161	C	T	1.42
5	58888234	rs10472076	T	"A,C"	1.05
5	58888234	rs10472076	T	"A,C"	1.05
5	58888234	rs10472076	T	"A,C"	1.03
5	58888234	rs10472076	T	"A,C"	1.05
5	58888234	rs10472076	T	"A,C"	1.05
5	58888234	rs10472076	T	"A,C"	1.03
5	58888234	rs10472076	T	"A,C"	1.05
5	58888234	rs10472076	T	"A,C"	1.05
5	58888234	rs10472076	T	"A,C"	1.03
5	91436408	rs10474352	C	T	1.0638298
5	91436408	rs10474352	C	T	1.09
5	91436408	rs10474352	C	T	1.0638298
5	91436408	rs10474352	C	T	1.09
2	59272212	rs10490113	A	C	0
10	121568362	rs10510097	C	T	0.1546
10	121865675	rs10510102	T	C	1.12
3	63982224	rs1053338	A	G	1.08
3	63982224	rs1053338	A	G	1.05
3	63982224	rs1053338	A	G	1.08
3	63982224	rs1053338	A	G	1.05
1	155216951	rs1057941	G	"A,T"	1.1
14	104745925	rs10623258	-	TT	1.04
5	123142308	rs10629804	-	CTTCA	0.0345
7	92022865	rs10644111	-	AAC	0.0424
1	45688921	rs10683143	T	-	0.0319
9	107543834	rs10759243	C	"A,T"	1.06
9	107543834	rs10759243	C	"A,T"	1.05
9	107543834	rs10759243	C	"A,T"	1.06
9	107543834	rs10759243	C	"A,T"	1.06
9	107543834	rs10759243	C	"A,T"	1.05
9	107543834	rs10759243	C	"A,T"	1.06
9	107543834	rs10759243	C	"A,T"	1.06
9	107543834	rs10759243	C	"A,T"	1.05
9	107543834	rs10759243	C	"A,T"	1.06
9	126634155	rs10760444	G	A	1.03
12	28002147	rs10771399	A	G	1.2658228
12	28002147	rs10771399	A	G	1.1627907
12	28002147	rs10771399	A	G	1.3889
12	28002147	rs10771399	A	G	1.1627907
12	28002147	rs10771399	A	G	1.16
12	28002147	rs10771399	A	G	1.2
12	28002147	rs10771399	A	G	1.18
12	28002147	rs10771399	A	G	1.2658228
12	28002147	rs10771399	A	G	1.1627907
12	28002147	rs10771399	A	G	1.3889
12	28002147	rs10771399	A	G	1.1627907
12	28002147	rs10771399	A	G	1.16
12	28002147	rs10771399	A	G	1.2
12	28002147	rs10771399	A	G	1.18
12	28002147	rs10771399	A	G	1.2658228
12	28002147	rs10771399	A	G	1.1627907
12	28002147	rs10771399	A	G	1.3889
12	28002147	rs10771399	A	G	1.1627907
12	28002147	rs10771399	A	G	1.16
12	28002147	rs10771399	A	G	1.2
12	28002147	rs10771399	A	G	1.18
10	121579461	rs1078806	A	G	1.43
1	155446537	rs10796944	G	"A,T"	0.0457
9	22067594	rs10811650	A	G	0.0461
9	34129841	rs10814070	T	"A,G"	1.26
9	108074792	rs10816625	A	G	1.11
10	62492218	rs10822013	C	T	1.12
10	53506471	rs10825036	T	G	2.26
11	18642694	rs10832963	T	"C,G"	0.0331
12	21168436	rs10841753	T	C	0.43
1	10503552	rs10864459	A	"G,T"	1.1111112
1	10503552	rs10864459	A	"G,T"	1.0526316
16	74438798	rs10871290	C	T	0
10	102125800	rs10883710	T	"C,G"	0.0291
10	113017911	rs10885405	C	T	0.0465
10	13865236	rs10906522	T	"A,C"	0.0332
1	118488075	rs10923574	A	"C,T"	0.0344
5	10467590	rs1092913	G	A	1.45
5	44706396	rs10941679	A	G	1.13
5	44706396	rs10941679	A	G	1.15
5	44706396	rs10941679	A	G	1.12
5	44706396	rs10941679	A	G	1.13
5	44706396	rs10941679	A	G	1.15
5	44706396	rs10941679	A	G	1.12
5	44706396	rs10941679	A	G	1.13
5	44706396	rs10941679	A	G	1.15
5	44706396	rs10941679	A	G	1.12
7	90874752	rs10953024	T	C	0.49
7	93992935	rs10953105	G	A	1.37
9	5956008	rs10975370	A	G	0.0356
10	62518923	rs10995190	G	A	1.12
10	62518923	rs10995190	G	A	1.1627907
10	62518923	rs10995190	G	A	1.1235955
10	62518923	rs10995190	G	A	1.16
10	62518923	rs10995190	G	A	1.16
10	62518923	rs10995190	G	A	1.010101
10	62518923	rs10995190	G	A	1.12
10	62518923	rs10995190	G	A	1.1627907
10	62518923	rs10995190	G	A	1.1235955
10	62518923	rs10995190	G	A	1.16
10	62518923	rs10995190	G	A	1.16
10	62518923	rs10995190	G	A	1.010101
10	62518923	rs10995190	G	A	1.12
10	62518923	rs10995190	G	A	1.1627907
10	62518923	rs10995190	G	A	1.1235955
10	62518923	rs10995190	G	A	1.16
10	62518923	rs10995190	G	A	1.16
10	62518923	rs10995190	G	A	1.010101
10	62540131	rs10995201	A	G	1.0752687
10	62540131	rs10995201	A	G	1.1111112
10	62540131	rs10995201	A	G	1.0752687
10	62540131	rs10995201	A	G	1.1111112
10	23995722	rs11013837	T	A	1.37
11	47325389	rs11039183	G	A	0.0301
12	111621753	rs11065979	C	T	0
16	53821379	rs11075995	A	T	1.09
16	53821379	rs11075995	A	T	1.01
16	53821379	rs11075995	A	T	1.03
16	53821379	rs11075995	A	T	1.04
16	53821379	rs11075995	A	T	1.11
16	53821379	rs11075995	A	T	1.11
16	53821379	rs11075995	A	T	1.09
16	53821379	rs11075995	A	T	1.01
16	53821379	rs11075995	A	T	1.03
16	53821379	rs11075995	A	T	1.04
16	53821379	rs11075995	A	T	1.11
16	53821379	rs11075995	A	T	1.11
16	53821379	rs11075995	A	T	1.09
16	53821379	rs11075995	A	T	1.01
16	53821379	rs11075995	A	T	1.03
16	53821379	rs11075995	A	T	1.04
16	53821379	rs11075995	A	T	1.11
16	53821379	rs11075995	A	T	1.11
16	4056787	rs11076805	C	"A,T"	1.0869565
16	4056787	rs11076805	C	"A,T"	1.0869565
16	4056787	rs11076805	C	"A,T"	1.0869565
16	4056787	rs11076805	C	"A,T"	1.0869565
18	23196687	rs11082321	G	A	1.08
1	217047232	rs11117758	G	A	1.0526316
1	210816167	rs11119608	T	G	1.1111112
5	128098106	rs1112956	A	"G,T"	0.0328
7	94655779	rs111307654	-	AAA	0.0497
6	43259403	rs111342015	G	"A,T"	0.0571
5	158803005	rs11135046	G	"A,T"	0.0717
10	38856846	rs11146838	A	T	0.0312
6	135969804	rs11154838	C	T	1.27
5	81972251	rs111549985	C	G	0.0498
6	151625017	rs11155804	T	A	1.15
6	151625017	rs11155804	T	A	1.16
10	121795069	rs111605422	G	A	0.0936
12	49251457	rs11168936	T	"A,C"	0
19	13158012	rs111730030	G	T	0.0837
17	30560116	rs111780165	G	A	0.067
10	112974337	rs11196174	A	"C,G"	1.13
10	121334387	rs11199914	C	T	1.0526316
10	121334387	rs11199914	C	T	1.05
10	121334387	rs11199914	C	T	1.0416667
10	121334387	rs11199914	C	T	1.0526316
10	121334387	rs11199914	C	T	1.05
10	121334387	rs11199914	C	T	1.0416667
10	121334387	rs11199914	C	T	1.0526316
10	121334387	rs11199914	C	T	1.05
10	121334387	rs11199914	C	T	1.0416667
10	121575416	rs11200014	G	A	0
1	149934520	rs11205303	T	C	0.0497
14	78743396	rs112056657	T	G	0.1986
2	201003582	rs112257290	G	A	0.07
6	66197278	rs112319963	T	"C,G"	4
9	7195019	rs112332509	G	C	0.0335
6	1318643	rs11242675	C	T	1.06
6	1318643	rs11242675	C	T	1.0416667
6	1318643	rs11242675	C	T	1.06
6	1318643	rs11242675	C	T	1.0416667
1	121538815	rs11249433	A	"C,G"	1.09
1	121538815	rs11249433	A	"C,G"	1.09
1	121538815	rs11249433	A	"C,G"	1.11
1	121538815	rs11249433	A	"C,G"	1.16
1	121538815	rs11249433	A	"C,G"	1.09
1	121538815	rs11249433	A	"C,G"	1.09
1	121538815	rs11249433	A	"C,G"	1.11
1	121538815	rs11249433	A	"C,G"	1.16
1	121538815	rs11249433	A	"C,G"	1.09
1	121538815	rs11249433	A	"C,G"	1.09
1	121538815	rs11249433	A	"C,G"	1.11
1	121538815	rs11249433	A	"C,G"	1.16
10	6195193	rs11257188	C	A	2.19
1	156183252	rs11264454	A	"G,T"	0.0327
19	55035675	rs112822051	C	T	2.56
4	86302033	rs11284646	A	-	0.032
5	159008453	rs11288072	A	-	0.0501
9	104248836	rs11290052	A	-	0.0323
3	99682866	rs11298677	G	-	0.0373
2	11561717	rs113084984	G	A	0.0367
20	19518790	rs113118767	T	A	4.02
8	37106253	rs113167076	G	"A,C"	0.1213
6	166087862	rs113289039	-	G	0.0366
9	32455676	rs1133071	A	G	0.0335
1	42592453	rs113319441	C	"A,T"	0.0908
8	80641622	rs113410521	C	T	0.0603
11	66569918	rs11344495	A	-	0.0327
11	27063657	rs11354714	A	-	0.0318
2	9995553	rs113577745	C	G	1.08
8	36450915	rs113687142	C	T	0.1493
19	29786822	rs113701136	C	T	1.07
19	29786822	rs113701136	C	T	1.07
19	29786822	rs113701136	C	T	1.07
19	29786822	rs113701136	C	T	1.07
11	108474789	rs11374964	-	A	1.0638298
11	108474789	rs11374964	-	A	1.0638298
11	108474789	rs11374964	-	A	1.098901
11	108474789	rs11374964	-	A	1.0638298
11	108474789	rs11374964	-	A	1.0638298
11	108474789	rs11374964	-	A	1.098901
6	27587278	rs113780580	-	"AC,ACAC,ACACAC"	0.0786
13	42941618	rs11383827	-	"A,AA"	0.0372
13	32601963	rs113855064	T	C	0.1877
5	117038818	rs113883744	C	"A,T"	0.2971
2	25222417	rs113953597	G	A	0.0446
1	155928969	rs11406084	-	A	0.0378
11	442473	rs11410354	-	"G,T"	0.039
10	121334478	rs11462858	-	T	0.0471
2	201071148	rs114962751	T	A	1.22
2	236525150	rs114971217	T	"A,C"	0
20	11399194	rs1154723	T	C	0.0681
12	73596057	rs1154865	C	G	0
1	113905767	rs11552449	C	T	1.04
1	113905767	rs11552449	C	T	1.07
1	113905767	rs11552449	C	T	1.07
1	113905767	rs11552449	C	T	1.04
1	113905767	rs11552449	C	T	1.07
1	113905767	rs11552449	C	T	1.07
1	113905767	rs11552449	C	T	1.04
1	113905767	rs11552449	C	T	1.07
1	113905767	rs11552449	C	T	1.07
2	200878871	rs115635831	A	G	1.36
13	32394673	rs11571818	T	C	0
13	32398489	rs11571833	A	T	1.6
13	32398489	rs11571833	A	T	1.27
13	32398489	rs11571833	A	T	1.35
13	32398489	rs11571833	A	T	1.26
13	32398489	rs11571833	A	T	1.52
13	32398489	rs11571833	A	T	1.32
13	32398489	rs11571833	A	T	1.58
13	32398489	rs11571833	A	T	1.6
13	32398489	rs11571833	A	T	1.27
13	32398489	rs11571833	A	T	1.35
13	32398489	rs11571833	A	T	1.26
13	32398489	rs11571833	A	T	1.52
13	32398489	rs11571833	A	T	1.32
13	32398489	rs11571833	A	T	1.58
13	32398489	rs11571833	A	T	1.6
13	32398489	rs11571833	A	T	1.27
13	32398489	rs11571833	A	T	1.35
13	32398489	rs11571833	A	T	1.26
13	32398489	rs11571833	A	T	1.52
13	32398489	rs11571833	A	T	1.32
13	32398489	rs11571833	A	T	1.58
1	87963341	rs11583393	C	A	0.0396
2	188005044	rs116183959	G	C	0.0439
14	68513118	rs11624333	T	C	0.0968
14	92637727	rs11627032	T	C	1.0526316
14	92637727	rs11627032	T	C	1.0638298
14	92637727	rs11627032	T	C	1.0416667
14	92637727	rs11627032	T	C	1.0526316
14	92637727	rs11627032	T	C	1.0638298
14	92637727	rs11627032	T	C	1.0416667
14	92637727	rs11627032	T	C	1.0526316
14	92637727	rs11627032	T	C	1.0638298
14	92637727	rs11627032	T	C	1.0416667
5	52083172	rs116464256	G	C	0.0855
16	56871774	rs11646723	G	T	0.0718
10	21230606	rs116478824	T	"C,G"	0.0675
17	71440368	rs11651604	G	"A,C"	2.12
17	72408954	rs11652463	C	G	0.04
17	34662519	rs11654964	A	"C,T"	1.67
17	68557338	rs11655740	T	C	0.0906
2	171513371	rs11680449	G	A	0.0404
2	19111157	rs11684853	G	T	0.0442
2	119990995	rs11685222	A	G	1.98
2	144845739	rs11690035	C	"G,T"	0.0534
2	217427435	rs11693806	C	G	0.0739
21	17368480	rs11700530	G	A	0.0323
22	41501983	rs117078955	C	T	0.1235
7	158170200	rs117114682	A	G	2.55
7	158170200	rs117114682	A	G	2.23
19	55305310	rs1172821	C	"A,T"	0.0297
21	15315098	rs117512673	A	"C,G"	0.1749
18	32397726	rs117618124	T	C	1.1235955
18	32397726	rs117618124	T	C	1.1904762
18	32397726	rs117618124	T	C	1.1235955
18	32397726	rs117618124	T	C	1.1904762
10	130453365	rs117649165	C	T	0.1396
11	9906964	rs117698693	C	G	0.117
19	12846836	rs117758012	C	T	0.0718
8	17926905	rs11779988	T	C	0.0302
8	128182395	rs11780156	C	T	1.07
8	128182395	rs11780156	C	T	1.07
8	128182395	rs11780156	C	T	1.05
8	128182395	rs11780156	C	T	1.07
8	128182395	rs11780156	C	T	1.07
8	128182395	rs11780156	C	T	1.05
8	128182395	rs11780156	C	T	1.07
8	128182395	rs11780156	C	T	1.07
8	128182395	rs11780156	C	T	1.05
8	9932039	rs11786541	G	T	1.65
7	100437651	rs117911427	G	A	0.1046
10	22026914	rs11814448	A	C	1.26
10	22026914	rs11814448	A	C	1.12
10	22026914	rs11814448	A	C	1.27
10	22026914	rs11814448	A	C	1.26
10	22026914	rs11814448	A	C	1.12
10	22026914	rs11814448	A	C	1.27
10	22026914	rs11814448	A	C	1.26
10	22026914	rs11814448	A	C	1.12
10	22026914	rs11814448	A	C	1.27
11	129591276	rs11820646	T	"C,G"	1.0526316
11	129591276	rs11820646	T	"C,G"	1.0638298
11	129591276	rs11820646	T	"C,G"	1.0416667
11	129591276	rs11820646	T	"C,G"	1.0752687
11	129591276	rs11820646	T	"C,G"	1.05
11	129591276	rs11820646	T	"C,G"	1.0526316
11	129591276	rs11820646	T	"C,G"	1.0638298
11	129591276	rs11820646	T	"C,G"	1.0416667
11	129591276	rs11820646	T	"C,G"	1.0752687
11	129591276	rs11820646	T	"C,G"	1.05
11	129591276	rs11820646	T	"C,G"	1.0526316
11	129591276	rs11820646	T	"C,G"	1.0638298
11	129591276	rs11820646	T	"C,G"	1.0416667
11	129591276	rs11820646	T	"C,G"	1.0752687
11	129591276	rs11820646	T	"C,G"	1.05
11	129591121	rs11822830	A	G	0.0483
14	68559662	rs11844632	G	A	0
2	120330606	rs11903787	G	A	1.1111112
2	120330606	rs11903787	G	A	1.098901
20	34131991	rs11907546	C	"A,T"	1.1111112
20	34131991	rs11907546	C	"A,T"	0
5	51032423	rs11960470	A	"C,T"	0.0308
7	140242504	rs11977670	G	A	1.06
10	37101682	rs1200921	C	"A,G"	0.0289
1	149955122	rs12048493	A	C	1.07
1	149955122	rs12048493	A	C	1.04
1	149955122	rs12048493	A	C	1.07
1	149955122	rs12048493	A	C	1.04
1	45918469	rs12077974	G	"A,C"	0.0364
1	155587180	rs12091730	G	"A,C"	0.0464
1	216850159	rs12095761	A	G	0.037
5	91367022	rs12110303	G	"A,T"	0.0606
1	87313534	rs12118297	G	T	1.1
1	91555907	rs12134245	C	T	0.0288
3	172363569	rs12152414	G	A	0.083
5	53298177	rs12189522	A	G	0.1158
10	121586676	rs1219648	A	"G,T"	1.32
10	121586676	rs1219648	A	"G,T"	1.17
10	121586676	rs1219648	A	"G,T"	1.2
10	121586676	rs1219648	A	"G,T"	1.31
6	80384570	rs12207986	G	A	1.0309278
10	21147293	rs12243039	C	"A,G"	3.39
10	21147293	rs12243039	C	"A,G"	3.28
10	113368732	rs12250948	T	C	0.0576
1	113630788	rs1230666	A	G	0.0592
6	29509637	rs1233480	C	"A,T"	0.0586
9	21951903	rs12349081	C	"A,T"	1.1
10	79295869	rs12355688	C	T	1.24
10	11806793	rs12358475	G	A	1.33
1	145790097	rs12405132	G	A	1.0526316
1	145790097	rs12405132	G	A	1.0309278
1	145790097	rs12405132	G	A	1.0526316
1	145790097	rs12405132	G	A	1.0309278
12	14260997	rs12422552	G	C	1.05
12	14260997	rs12422552	G	C	1.04
12	14260997	rs12422552	G	C	1.06
12	14260997	rs12422552	G	C	1.05
12	14260997	rs12422552	G	C	1.04
12	14260997	rs12422552	G	C	1.06
12	14260997	rs12422552	G	C	1.05
12	14260997	rs12422552	G	C	1.04
12	14260997	rs12422552	G	C	1.06
18	27025475	rs12458099	G	A	0.0443
2	18106253	rs12467348	C	T	2.05
2	69207095	rs12474538	C	"A,T"	0.0469
2	226362236	rs12479355	A	G	1.0416667
20	53671071	rs12481286	G	"A,T"	0.0407
22	40143521	rs12483853	G	"A,C"	0.0783
3	30641447	rs12493607	G	"C,T"	1.05
3	30641447	rs12493607	G	"C,T"	1.06
3	30641447	rs12493607	G	"C,T"	1.06
3	30641447	rs12493607	G	"C,T"	1.05
3	30641447	rs12493607	G	"C,T"	1.06
3	30641447	rs12493607	G	"C,T"	1.06
3	30641447	rs12493607	G	"C,T"	1.05
3	30641447	rs12493607	G	"C,T"	1.06
3	30641447	rs12493607	G	"C,T"	1.06
4	53046426	rs12506630	G	C	0.0323
5	32581080	rs12519859	G	A	0.0365
8	105346392	rs12546444	A	T	1.0752687
8	103189173	rs12548629	C	T	1.4084507
14	70423423	rs12586722	G	"A,C"	0.3
17	37741642	rs12601991	T	"A,G"	1.1
17	37741642	rs12601991	T	"A,G"	0
22	38962032	rs12628403	A	C	1.17
5	56899963	rs12655019	A	G	1.27
12	114430333	rs1265507	A	G	0
6	151597721	rs12662670	T	"C,G"	1.2
6	151597721	rs12662670	T	"C,G"	1.17
6	151597721	rs12662670	T	"C,G"	1.19
6	151597721	rs12662670	T	"C,G"	1.2
6	151597721	rs12662670	T	"C,G"	1.17
6	151597721	rs12662670	T	"C,G"	1.19
8	75988094	rs12682248	T	"A,G"	0.0347
10	79092621	rs1268974	A	G	0.0793
2	19121042	rs12710696	T	"A,C"	1.01
2	19121042	rs12710696	T	"A,C"	1.1
2	19121042	rs12710696	T	"A,C"	1.1
2	19121042	rs12710696	T	"A,C"	1.06
2	19121042	rs12710696	T	"A,C"	1.04
2	19121042	rs12710696	T	"A,C"	1.03
2	19121042	rs12710696	T	"A,C"	1.01
2	19121042	rs12710696	T	"A,C"	1.1
2	19121042	rs12710696	T	"A,C"	1.1
2	19121042	rs12710696	T	"A,C"	1.06
2	19121042	rs12710696	T	"A,C"	1.04
2	19121042	rs12710696	T	"A,C"	1.03
2	19121042	rs12710696	T	"A,C"	1.01
2	19121042	rs12710696	T	"A,C"	1.1
2	19121042	rs12710696	T	"A,C"	1.1
2	19121042	rs12710696	T	"A,C"	1.06
2	19121042	rs12710696	T	"A,C"	1.04
2	19121042	rs12710696	T	"A,C"	1.03
7	55125270	rs12718945	T	G	0.0289
10	63089177	rs12765365	T	C	0.0979
13	73232845	rs12870942	T	C	1.09
13	73232845	rs12870942	T	C	1.06
13	73232845	rs12870942	T	C	0.0391
13	73232845	rs12870942	T	C	1.09
13	73232845	rs12870942	T	C	1.06
13	73232845	rs12870942	T	C	0.0391
15	74300521	rs12904134	G	"A,T"	0.0286
15	77977130	rs12906542	A	"C,G,T"	2
16	10609831	rs12918713	A	C	0.0688
12	115398717	rs1292011	A	G	1.0869565
12	115398717	rs1292011	A	G	1.09
12	115398717	rs1292011	A	G	1.0869565
12	115398717	rs1292011	A	G	1.0869565
12	115398717	rs1292011	A	G	1.09
12	115398717	rs1292011	A	G	1.0869565
12	115398717	rs1292011	A	G	1.0869565
12	115398717	rs1292011	A	G	1.09
12	115398717	rs1292011	A	G	1.0869565
16	3942751	rs12920416	C	T	0.0412
16	52601088	rs12922061	C	T	1.231
X	32016153	rs1293906	C	T	0.0408
18	22897971	rs12962334	G	"A,C"	0.0324
2	217029040	rs12998806	G	A	1.34
2	226474745	rs13008686	T	G	0.0302
2	79716982	rs13025833	A	G	1.2
22	44080184	rs130318	T	"A,C"	1.7
22	44080184	rs130318	T	"A,C"	1.72
22	29010231	rs13054095	A	T	0.1792
3	86988393	rs13066793	A	G	1.0638298
3	172550013	rs13074711	T	C	1.14
3	172550013	rs13074711	T	C	1.29
3	48542329	rs13079292	A	"C,G,T"	0.1064
14	68232877	rs1314913	C	T	1.57
5	52225463	rs13160295	A	G	0.1121
5	16187419	rs13162653	G	"A,C,T"	1.0526316
5	16187419	rs13162653	G	"A,C,T"	1.010101
5	16187419	rs13162653	G	"A,C,T"	1.0526316
5	16187419	rs13162653	G	"A,C,T"	1.010101
5	45074531	rs13183434	G	A	0.0777
5	44302075	rs13186320	A	"G,T"	0.0483
6	26463346	rs13195401	G	"A,T"	0.0718
6	25874195	rs13198474	G	A	0.0673
6	28364364	rs13214023	G	A	0.071
22	29155884	rs132289	A	"G,T"	0.2482
7	144477198	rs13230714	T	G	0.0338
22	29225488	rs132390	C	T	1.12
22	29225488	rs132390	C	T	1.14
22	29225488	rs132390	C	T	1.04
22	29225488	rs132390	C	T	1.12
22	29225488	rs132390	C	T	1.14
22	29225488	rs132390	C	T	1.04
22	29225488	rs132390	C	T	1.12
22	29225488	rs132390	C	T	1.14
22	29225488	rs132390	C	T	1.04
8	25974262	rs13256025	C	T	0.0428
8	74567389	rs13260300	C	T	1.64
8	116197325	rs13267382	A	G	1.03
8	116197325	rs13267382	A	G	1.05
8	116197325	rs13267382	A	G	1.03
8	116197325	rs13267382	A	G	1.05
8	115667320	rs13277568	A	G	0.0327
8	127343372	rs13281615	A	G	1.09
8	127343372	rs13281615	A	G	1.07
8	127343372	rs13281615	A	G	1.08
8	127343372	rs13281615	A	G	1.11
8	127343372	rs13281615	A	G	1.1
8	127343372	rs13281615	A	G	1.09
8	127343372	rs13281615	A	G	1.07
8	127343372	rs13281615	A	G	1.08
8	127343372	rs13281615	A	G	1.11
8	127343372	rs13281615	A	G	1.1
8	127343372	rs13281615	A	G	1.09
8	127343372	rs13281615	A	G	1.07
8	127343372	rs13281615	A	G	1.08
8	127343372	rs13281615	A	G	1.11
8	127343372	rs13281615	A	G	1.1
9	83217469	rs13293114	G	A	1.3157895
9	108074895	rs13294895	C	T	1.06
16	80616908	rs13329835	A	G	1.07
16	80616908	rs13329835	A	G	1.08
16	80616908	rs13329835	A	G	1.08
16	80616908	rs13329835	A	G	1.07
16	80616908	rs13329835	A	G	1.08
16	80616908	rs13329835	A	G	1.08
16	80616908	rs13329835	A	G	1.07
16	80616908	rs13329835	A	G	1.08
16	80616908	rs13329835	A	G	1.08
8	37000965	rs13365225	A	G	1.1111112
8	37000965	rs13365225	A	G	1.0526316
8	37000965	rs13365225	A	G	1.098901
8	37000965	rs13365225	A	G	1.0416667
8	37000965	rs13365225	A	G	1.1111112
8	37000965	rs13365225	A	G	1.0526316
8	37000965	rs13365225	A	G	1.098901
8	37000965	rs13365225	A	G	1.0416667
8	37000965	rs13365225	A	G	1.1111112
8	37000965	rs13365225	A	G	1.0526316
8	37000965	rs13365225	A	G	1.098901
8	37000965	rs13365225	A	G	1.0416667
2	217041109	rs13387042	A	G	1.16
2	217041109	rs13387042	A	G	1.2
2	217041109	rs13387042	A	G	1.14
2	217041109	rs13387042	A	G	1.21
2	217041109	rs13387042	A	G	1.18
2	217041109	rs13387042	A	G	1.1363636
2	217041109	rs13387042	A	G	1.25
2	217041109	rs13387042	A	G	1.16
2	217041109	rs13387042	A	G	1.2
2	217041109	rs13387042	A	G	1.14
2	217041109	rs13387042	A	G	1.21
2	217041109	rs13387042	A	G	1.18
2	217041109	rs13387042	A	G	1.1363636
2	217041109	rs13387042	A	G	1.25
2	212432139	rs13393577	T	C	1.53
2	67879434	rs13416342	A	G	0.0285
5	59041654	rs1353747	T	G	1.0416667
5	59041654	rs1353747	T	G	1.0869565
5	59041654	rs1353747	T	G	1.09
5	59041654	rs1353747	T	G	1.0416667
5	59041654	rs1353747	T	G	1.0869565
5	59041654	rs1353747	T	G	1.09
5	59041654	rs1353747	T	G	1.0416667
5	59041654	rs1353747	T	G	1.0869565
5	59041654	rs1353747	T	G	1.09
3	27145111	rs1357245	C	T	1.06
3	16737360	rs1375631	A	G	0.0321
6	28468238	rs138024639	AAACATA	-	0.0699
5	44933883	rs138060088	-	TGA	0.0878
17	42426015	rs138672638	T	C	0.1833
1	164720525	rs1387389	G	A	1.28
22	30168182	rs139059349	T	C	0.1465
5	45522877	rs139424826	C	"A,T"	0.0657
14	91545453	rs139530473	TTTC	-	0.0481
5	159141388	rs139824696	T	C	0.0448
16	50499690	rs140035696	A	G	0.1271
6	151633699	rs140068132	A	G	1.67
22	29714557	rs140091	G	"A,C,T"	0.1736
17	18094293	rs140494697	G	T	0.2014
22	41221553	rs140614180	T	C	0.1449
14	32127443	rs140783387	T	C	0.0602
6	157009956	rs140842923	C	"G,T"	0.1059
1	50380361	rs140850326	AAAGGGCAAGATCTCCTTTTT	-	1.0309278
10	93532431	rs140936696	AA	-	1.04
1	50882601	rs140945602	TAAA	-	0.0359
14	89418757	rs141061110	CT	-	0.0408
22	41061455	rs141447235	T	C	0.0772
10	67248381	rs141448180	T	C	0.2059
1	87384812	rs1415174	T	"A,C"	0.0328
3	18422242	rs141634179	G	C	0.1019
9	8211949	rs1416584	A	G	0.4453
11	103745837	rs141752671	A	G	0
5	51952440	rs141930488	G	A	0.111
7	34103644	rs1420338	G	A	0.2432
3	138949667	rs142253798	C	T	0.1218
5	46394269	rs142427110	G	A	0.069
21	43733825	rs142471995	C	T	0.2003
10	38105004	rs143072280	-	TTTC	0.0342
5	158817075	rs1432679	C	T	1.07
5	158817075	rs1432679	C	T	1.08
5	158817075	rs1432679	C	T	1.07
5	158817075	rs1432679	C	T	1.04
5	158817075	rs1432679	C	T	1.08
5	158817075	rs1432679	C	T	1.08
5	158817075	rs1432679	C	T	1.07
5	158817075	rs1432679	C	T	1.08
5	158817075	rs1432679	C	T	1.07
5	158817075	rs1432679	C	T	1.04
5	158817075	rs1432679	C	T	1.08
5	158817075	rs1432679	C	T	1.08
5	158817075	rs1432679	C	T	1.07
5	158817075	rs1432679	C	T	1.08
5	158817075	rs1432679	C	T	1.07
5	158817075	rs1432679	C	T	1.04
5	158817075	rs1432679	C	T	1.08
5	158817075	rs1432679	C	T	1.08
18	26990703	rs1436904	T	G	1.04
18	26990703	rs1436904	T	G	1.0416667
18	26990703	rs1436904	T	G	1.0526316
18	26990703	rs1436904	T	G	1.04
18	26990703	rs1436904	T	G	1.0416667
18	26990703	rs1436904	T	G	1.0526316
18	26990703	rs1436904	T	G	1.04
18	26990703	rs1436904	T	G	1.0416667
18	26990703	rs1436904	T	G	1.0526316
2	25886882	rs144079028	TTTA	-	0.0312
1	45548288	rs144366570	-	"T,TT"	0.0423
5	52398145	rs144727871	G	A	0.0842
3	64074452	rs1450985	G	A	0.035
5	50491020	rs145106188	-	"A,T,TT"	0.0343
2	236278055	rs1453307	G	A	0.3463
2	236277682	rs1453308	G	A	0.33
3	48024338	rs145407011	A	T	0.0978
X	32564969	rs145455135	T	A	0.1571
6	4445101	rs145711907	TTTC	-	0.0299
2	160772472	rs146071273	G	A	0.052
3	47364189	rs146331761	G	A	0.0875
17	30903503	rs146699004	GT	-	1.0309278
5	82217129	rs146817970	A	-	0.0532
7	38728314	rs1468348	T	C	1.39
17	58165213	rs1468574	C	T	0.2847
14	38968140	rs147032157	C	A	0.0483
22	27215781	rs147512482	C	G	3.85
13	107031171	rs148731571	-	CTTAGATATTAC	0.0712
2	162922103	rs148760487	A	G	1.88
11	103813371	rs148883465	A	G	0
22	28532870	rs149936356	A	C	0.176
17	41094871	rs150537328	T	C	0.0642
14	91422581	rs150658557	-	"A,TA"	0.0605
15	67115961	rs151090251	-	GACTTCTGTAGAGA	0.0719
4	132819226	rs151170584	A	-	0.0989
17	42807276	rs151329939	G	"A,T"	0.1879
1	64370963	rs1514964	T	C	0.071
2	123261223	rs1519277	C	T	3.12
8	120102785	rs1519814	T	"C,G"	0.0365
2	173348166	rs1550623	G	A	1.0526316
2	173348166	rs1550623	G	A	1.0526316
2	173348166	rs1550623	G	A	1.06
2	173348166	rs1550623	G	A	1.0526316
2	173348166	rs1550623	G	A	1.0526316
2	173348166	rs1550623	G	A	1.06
2	173348166	rs1550623	G	A	1.0526316
2	173348166	rs1550623	G	A	1.0526316
2	173348166	rs1550623	G	A	1.06
1	145730328	rs1552172	A	T	0.0382
8	127375606	rs1562430	T	C	1.17
8	127375606	rs1562430	T	C	1.16
5	73943871	rs157554	C	T	0.0308
6	29882943	rs1611579	T	"C,G"	0.058
19	52526945	rs162277	C	G	1.41
4	1983006	rs16342	-	"AAC,AACA"	0.0361
15	79777420	rs166870	T	"C,G"	2.3
1	230289344	rs16851421	A	G	0.2489
19	43779080	rs1685191	C	T	0.0586
2	217431785	rs16857609	C	T	1.07
2	217431785	rs16857609	C	T	1.04
2	217431785	rs16857609	C	T	1.08
2	217431785	rs16857609	C	T	1.08
2	217431785	rs16857609	C	T	1.06
2	217431785	rs16857609	C	T	1.07
2	217431785	rs16857609	C	T	1.04
2	217431785	rs16857609	C	T	1.08
2	217431785	rs16857609	C	T	1.08
2	217431785	rs16857609	C	T	1.06
2	217431785	rs16857609	C	T	1.07
2	217431785	rs16857609	C	T	1.04
2	217431785	rs16857609	C	T	1.08
2	217431785	rs16857609	C	T	1.08
2	217431785	rs16857609	C	T	1.06
6	19443704	rs16882214	C	G	1.43
5	56688029	rs16886034	T	C	1.36
5	56699208	rs16886113	T	G	1.35
5	56727256	rs16886165	T	G	1.23
5	56733416	rs16886181	T	C	1.26
5	56826517	rs16886364	A	G	1.36
5	56838449	rs16886397	A	G	1.36
5	56874986	rs16886448	C	G	1.37
8	117178381	rs16889471	G	A	0.0344
8	80443628	rs16907718	C	T	0.0404
10	22212015	rs16922097	A	"C,G"	0.1968
17	58163947	rs16942732	G	T	0.2847
17	2195889	rs16952006	C	T	0.0524
18	7807950	rs16952550	G	"A,C,T"	0.33
15	46737708	rs16958536	A	"C,G"	1.66
10	121677436	rs1696803	T	C	0.116
5	67215707	rs1697139	A	G	0.028
20	5967581	rs16991615	G	A	1.1
21	34738904	rs16992204	T	C	1.13
1	213369363	rs17020562	T	C	44.52
1	213369363	rs17020562	T	C	4.9
2	41931164	rs17029056	A	"C,T"	0.0354
1	46135245	rs1707302	A	"G,T"	1.0416667
18	69220817	rs17080623	A	G	0.0344
6	6550516	rs17142289	A	G	0.35
7	28317270	rs17156577	T	"C,G"	1.05
4	181486725	rs17198973	T	C	0
19	18522945	rs172032	T	C	0.0531
12	14257551	rs17221259	T	C	1.252
7	94484487	rs17268829	T	C	1.05
16	86400840	rs1728400	C	"A,T"	1.25
8	123745421	rs17350191	C	T	1.07
8	123745421	rs17350191	C	T	1.07
8	123745421	rs17350191	C	T	1.07
8	123745421	rs17350191	C	T	1.07
12	95633983	rs17356907	A	G	1.0638298
12	95633983	rs17356907	A	G	1.098901
12	95633983	rs17356907	A	G	1.09
12	95633983	rs17356907	A	G	1.0526316
12	95633983	rs17356907	A	G	1.098901
12	95633983	rs17356907	A	G	1.098901
12	95633983	rs17356907	A	G	1.1
12	95633983	rs17356907	A	G	1.0638298
12	95633983	rs17356907	A	G	1.098901
12	95633983	rs17356907	A	G	1.09
12	95633983	rs17356907	A	G	1.0526316
12	95633983	rs17356907	A	G	1.098901
12	95633983	rs17356907	A	G	1.098901
12	95633983	rs17356907	A	G	1.1
12	95633983	rs17356907	A	G	1.0638298
12	95633983	rs17356907	A	G	1.098901
12	95633983	rs17356907	A	G	1.09
12	95633983	rs17356907	A	G	1.0526316
12	95633983	rs17356907	A	G	1.098901
12	95633983	rs17356907	A	G	1.098901
12	95633983	rs17356907	A	G	1.1
1	87691240	rs17426269	G	A	1.05
14	68214759	rs1744947	C	T	0.0645
1	202209914	rs17489300	A	C	1.0309278
1	202209914	rs17489300	A	C	1.1111112
6	81418669	rs17529111	T	C	1.06
6	81418669	rs17529111	T	C	1.02
6	81418669	rs17529111	T	C	1.06
6	81418669	rs17529111	T	C	1.06
6	81418669	rs17529111	T	C	1.02
6	81418669	rs17529111	T	C	1.06
6	81418669	rs17529111	T	C	1.06
6	81418669	rs17529111	T	C	1.02
6	81418669	rs17529111	T	C	1.06
6	81483392	rs17530068	T	C	1.09
6	81483392	rs17530068	T	C	1.16
6	81483392	rs17530068	T	C	1.05
6	81483392	rs17530068	T	C	1.09
6	81483392	rs17530068	T	C	1.16
6	81483392	rs17530068	T	C	1.05
5	158905372	rs17543752	T	"C,G"	0.0574
6	26175638	rs17598658	A	C	0.0726
15	51261712	rs17601876	A	G	0.24
16	53779455	rs17817449	T	"A,G"	1.08
16	53779455	rs17817449	T	"A,G"	1.0752687
16	53779455	rs17817449	T	"A,G"	1.0526316
16	53779455	rs17817449	T	"A,G"	1.09
16	53779455	rs17817449	T	"A,G"	1.0526316
16	53779455	rs17817449	T	"A,G"	1.098901
16	53779455	rs17817449	T	"A,G"	1.0752687
16	53779455	rs17817449	T	"A,G"	1.08
16	53779455	rs17817449	T	"A,G"	1.0752687
16	53779455	rs17817449	T	"A,G"	1.0526316
16	53779455	rs17817449	T	"A,G"	1.09
16	53779455	rs17817449	T	"A,G"	1.0526316
16	53779455	rs17817449	T	"A,G"	1.098901
16	53779455	rs17817449	T	"A,G"	1.0752687
16	53779455	rs17817449	T	"A,G"	1.08
16	53779455	rs17817449	T	"A,G"	1.0752687
16	53779455	rs17817449	T	"A,G"	1.0526316
16	53779455	rs17817449	T	"A,G"	1.09
16	53779455	rs17817449	T	"A,G"	1.0526316
16	53779455	rs17817449	T	"A,G"	1.098901
16	53779455	rs17817449	T	"A,G"	1.0752687
11	66301747	rs1783730	A	"C,G"	0.0339
3	30643415	rs17838698	C	T	0.0517
22	28725099	rs17879961	A	"C,G"	1.26
1	41532093	rs181270898	G	A	0.097
2	201140114	rs182731523	G	"A,C"	0.0426
2	201316524	rs1830298	C	T	1.06
2	201316524	rs1830298	C	T	1.08
2	201316524	rs1830298	C	T	1.06
2	201316524	rs1830298	C	T	1.08
22	29581329	rs183421746	G	C	0.2452
15	37206970	rs184531260	T	A	0.21
5	68315658	rs184886	T	C	0.0333
22	29457633	rs185004002	C	T	0.1896
1	119254406	rs185028854	G	A	0.1578
10	104612026	rs1855581	A	G	0.0326
4	164448974	rs1857798	C	T	2.2727273
7	93719703	rs1858826	C	T	3.448276
10	67640136	rs186036693	C	G	0.216
5	56737113	rs1862626	G	T	0
1	1351675	rs186507655	G	A	0
22	30509501	rs187201341	A	T	0.1861
17	17835546	rs187408367	G	A	0.2318
15	48608389	rs1876206	T	C	0
22	30051113	rs188460188	G	C	0.237
10	67750937	rs189157202	C	"A,T"	0.2152
1	172361919	rs1894633	A	G	0.0312
9	116551207	rs1895062	A	G	1.0638298
6	80636316	rs1902066	T	C	0.0281
5	467862	rs190811224	C	T	0.037
5	43545632	rs191057893	C	"G,T"	0.2573
18	32526319	rs191218575	G	A	0.1234
1	17380437	rs1924553	A	G	0.0386
13	95222702	rs1926657	T	C	0
10	51918266	rs1937680	C	A	0.0341
11	123393934	rs1943466	C	A	1.82
11	123393934	rs1943466	C	A	1.69
8	10403043	rs1962073	A	G	1.69
1	118111143	rs1962373	G	A	0.0335
4	83549680	rs1963045	T	"A,C"	0.0296
4	175011701	rs1966977	T	"A,C"	0.0422
2	25068670	rs1971136	C	T	0.0381
11	1877434	rs1973765	T	C	0.0817
18	55997051	rs1978503	A	G	0
7	86844997	rs1989796	T	"A,C"	0.0311
17	46788237	rs199498	T	"C,G"	0.0433
4	48056416	rs199501877	T	G	0.0315
5	112032901	rs199817973	AAATA	-	0.0722
1	10637822	rs199867187	A	-	0.0381
8	75626598	rs200255906	G	"A,T"	0.0911
2	24516826	rs200648189	-	"T,TT,TTT"	1.1363636
2	24516826	rs200648189	-	"T,TT,TTT"	1.0638298
2	173340858	rs200725404	AAAG	-	0.055
13	24412252	rs201073821	-	G	0.0738
20	35933106	rs201177249	T	-	0.0462
5	32567626	rs2012709	C	T	1.02
5	32567626	rs2012709	C	T	1.05
5	32567626	rs2012709	C	T	1.02
5	32567626	rs2012709	C	T	1.05
11	116897884	rs201462698	A	-	0.0571
2	172108243	rs2016394	G	A	1.0526316
2	172108243	rs2016394	G	A	1.0526316
2	172108243	rs2016394	G	A	1.05
2	172108243	rs2016394	G	A	1.0526316
2	172108243	rs2016394	G	A	1.0526316
2	172108243	rs2016394	G	A	1.05
2	172108243	rs2016394	G	A	1.0526316
2	172108243	rs2016394	G	A	1.0526316
2	172108243	rs2016394	G	A	1.05
22	44323082	rs201681753	-	CCAT	0.1129
12	84615658	rs202049448	T	C	1.0526316
6	13722291	rs204247	G	A	1.04
6	13722291	rs204247	G	A	1.05
6	13722291	rs204247	G	A	1.05
6	13722291	rs204247	G	A	1.04
6	13722291	rs204247	G	A	1.05
6	13722291	rs204247	G	A	1.05
6	13722291	rs204247	G	A	1.04
6	13722291	rs204247	G	A	1.05
6	13722291	rs204247	G	A	1.05
18	60214129	rs2045438	C	T	0.0323
6	151627231	rs2046210	G	A	1.15
6	151627231	rs2046210	G	A	1.3
6	151627231	rs2046210	G	A	1.08
6	151627231	rs2046210	G	A	1.22
6	151627231	rs2046210	G	A	1.28
6	151627231	rs2046210	G	A	1.29
6	151627231	rs2046210	G	A	1.15
6	151627231	rs2046210	G	A	1.3
6	151627231	rs2046210	G	A	1.08
6	151627231	rs2046210	G	A	1.22
6	151627231	rs2046210	G	A	1.28
6	151627231	rs2046210	G	A	1.29
6	151627231	rs2046210	G	A	1.15
6	151627231	rs2046210	G	A	1.3
6	151627231	rs2046210	G	A	1.08
6	151627231	rs2046210	G	A	1.22
6	151627231	rs2046210	G	A	1.28
6	151627231	rs2046210	G	A	1.29
7	130969092	rs2048672	C	A	1.11
11	125389528	rs2059614	A	G	1.9
12	120394343	rs206966	C	T	1.05
17	50196930	rs2075555	T	"A,G"	0
1	155212373	rs2075570	C	"A,T"	0
18	8716323	rs2111836	G	A	1.32
3	156645453	rs2136690	A	G	0.0289
11	1995678	rs217727	G	A	0.0598
6	127279485	rs2180341	G	A	1.41
16	52532542	rs2193094	T	"A,G"	1.337
6	20621007	rs2223621	T	C	1.04
5	56872885	rs2229882	C	T	1.45
14	36663564	rs2236007	G	"A,C"	1.0752687
14	36663564	rs2236007	G	"A,C"	1.0752687
14	36663564	rs2236007	G	"A,C"	1.08
14	36663564	rs2236007	G	"A,C"	1.0752687
14	36663564	rs2236007	G	"A,C"	1.0752687
14	36663564	rs2236007	G	"A,C"	1.08
14	36663564	rs2236007	G	"A,C"	1.0752687
14	36663564	rs2236007	G	"A,C"	1.0752687
14	36663564	rs2236007	G	"A,C"	1.08
5	1279913	rs2242652	G	A	1.18
5	1279913	rs2242652	G	A	1.22
1	8035440	rs225132	T	G	0.0375
10	122041907	rs2253762	A	C	0.0419
7	69359109	rs2271032	A	G	0.0407
20	34000289	rs2284378	T	"C,G"	1.16
15	90968837	rs2290203	G	A	1.08
15	90968837	rs2290203	G	A	1.0638298
15	90968837	rs2290203	G	A	1.08
15	90968837	rs2290203	G	A	1.0638298
1	204546897	rs2290854	A	G	1.13
14	100851974	rs2295389	C	G	0.0345
20	34002002	rs2300206	G	"C,T"	1.1111112
20	34002002	rs2300206	G	"C,T"	0
16	56497273	rs2303282	C	"G,T"	0.0323
19	19535463	rs2304098	T	C	0.0434
18	26923543	rs2307561	AGTGTT	-	0.0608
8	23579239	rs2314686	C	A	1.89
8	61692700	rs2350923	C	T	1.28
19	17283315	rs2363956	T	G	1.03
19	17283315	rs2363956	T	G	1.2195
19	17283315	rs2363956	T	G	1.03
19	17283315	rs2363956	T	G	1.2195
10	5844771	rs2380205	C	T	1.06
10	38234698	rs2384736	C	"A,T"	0.0319
8	127375779	rs2392780	A	G	1.15
21	15202135	rs2403907	C	"A,T"	0.0796
9	95606163	rs2405064	C	T	0.0484
5	82340549	rs2407156	A	G	0.0354
16	56387075	rs2432539	A	"C,G"	1.03
5	58332828	rs245279	G	A	0.0493
6	143412439	rs2496589	C	"A,T"	1.7
5	149053986	rs250677	T	C	0.0343
1	10535965	rs2506889	C	"G,T"	0.0615
6	30107326	rs2523992	T	G	0.0468
17	46175102	rs2532263	G	A	1.0526316
14	68193711	rs2588809	T	C	1.08
14	68193711	rs2588809	T	C	1.06
14	68193711	rs2588809	T	C	1.08
14	68193711	rs2588809	T	C	1.08
14	68193711	rs2588809	T	C	1.06
14	68193711	rs2588809	T	C	1.08
14	68193711	rs2588809	T	C	1.08
14	68193711	rs2588809	T	C	1.06
14	68193711	rs2588809	T	C	1.08
5	45653810	rs2589161	T	"A,C"	0.0348
19	13843757	rs2594714	G	"A,C,T"	1.0309278
5	50793817	rs26067	G	A	0.0369
5	1453229	rs2617583	C	"A,T"	0.0311
2	201384985	rs2714486	A	T	0.0498
1	207903511	rs2724379	A	C	0.0346
4	88058377	rs2725207	C	A	0.0455
4	105274384	rs2726492	T	C	0.0475
12	19774866	rs2731620	T	"A,C"	1.59
17	46277538	rs2732699	T	"C,G"	0.0595
5	1297373	rs2736108	C	T	1.1235955
5	1297373	rs2736108	C	T	1.1235955
5	1297373	rs2736108	C	T	1.0638298
5	1297373	rs2736108	C	T	1.1235955
5	1297373	rs2736108	C	T	1.1235955
5	1297373	rs2736108	C	T	1.0638298
6	152115881	rs2747652	T	C	1.098901
6	152115881	rs2747652	T	C	1.0638298
6	152115881	rs2747652	T	C	1.098901
6	152115881	rs2747652	T	C	1.0638298
10	38338906	rs2754412	A	G	0.0312
10	92388574	rs2771267	A	T	0.0393
1	114128347	rs2774307	A	G	1.3
13	29862831	rs278050	C	"A,T"	1.28
17	55132413	rs2787486	A	C	1.0752687
1	203938990	rs2810650	T	G	0.0453
21	14992435	rs2822999	T	G	0.0589
21	15148511	rs2823093	G	A	1.09
21	15148511	rs2823093	G	A	1.0638298
21	15148511	rs2823093	G	A	1.0752687
21	15148511	rs2823093	G	A	1.09
21	15148511	rs2823093	G	A	1.0638298
21	15148511	rs2823093	G	A	1.0752687
21	15148511	rs2823093	G	A	1.09
21	15148511	rs2823093	G	A	1.0638298
21	15148511	rs2823093	G	A	1.0752687
17	35565049	rs2840044	A	G	1.56
22	45887417	rs28512361	G	A	1.05
5	1295234	rs2853669	A	G	0.0651
16	54648152	rs28539243	G	A	1.05
22	43072659	rs28599928	G	T	0.047
6	156907180	rs28648619	A	G	0.0551
7	25529928	rs289997	C	T	0.0448
12	21215863	rs2900478	T	A	0.48
10	117502854	rs2901157	A	G	0.0474
10	121589148	rs2912774	T	"A,G"	1.29
10	121589148	rs2912774	T	"A,G"	1.25
10	121577603	rs2912780	C	T	1.302
8	75498626	rs2926585	A	G	0.1156
8	75505702	rs2943559	A	G	1.1
8	75505702	rs2943559	A	G	1.1
8	75505702	rs2943559	A	G	1.13
8	75505702	rs2943559	A	G	1.13
8	75505702	rs2943559	A	G	1.1
8	75505702	rs2943559	A	G	1.1
8	75505702	rs2943559	A	G	1.13
8	75505702	rs2943559	A	G	1.13
8	75505702	rs2943559	A	G	1.1
8	75505702	rs2943559	A	G	1.1
8	75505702	rs2943559	A	G	1.13
8	75505702	rs2943559	A	G	1.13
5	143376439	rs2963155	A	G	0.0339
19	19434887	rs2965183	G	"A,C"	1.04
1	155212052	rs2974935	G	"A,C,T"	1.1
10	121586602	rs2981575	G	A	1.28
10	121586602	rs2981575	G	A	1.27
10	121580797	rs2981578	C	"A,T"	1.225
10	121580797	rs2981578	C	"A,T"	1.23
10	121580797	rs2981578	C	"A,T"	1.225
10	121580797	rs2981578	C	"A,T"	1.23
10	121577821	rs2981579	A	G	1.43
10	121577821	rs2981579	A	G	1.17
10	121577821	rs2981579	A	G	1.27
10	121577821	rs2981579	A	G	1.19
10	121577821	rs2981579	A	G	1.27
10	121577821	rs2981579	A	G	1.43
10	121577821	rs2981579	A	G	1.17
10	121577821	rs2981579	A	G	1.27
10	121577821	rs2981579	A	G	1.19
10	121577821	rs2981579	A	G	1.27
10	121592803	rs2981582	A	G	1.18
10	121592803	rs2981582	A	G	1.26
1	18480845	rs2992756	T	C	1.06
13	91903032	rs3029748	-	"T,TT,TTT,TTTT"	0.0298
2	67755147	rs3036802	-	CAT	0.0426
9	21964904	rs3057314	AAAA	"-,AA"	0.0695
6	30365728	rs3094054	G	"A,T"	0.056
6	30003183	rs3094146	G	C	0.0543
8	23801998	rs310291	G	"A,C"	0.0341
16	52601252	rs3112612	G	A	1.15
6	29693039	rs3116813	C	A	0.0553
9	133463535	rs3124765	T	"C,G"	0.0437
6	29107311	rs3129178	T	A	0.0669
6	30793795	rs3129984	C	T	0.0465
6	29280372	rs3130834	T	C	0.0672
6	30576624	rs3132610	A	G	0.0499
6	30473526	rs3132615	C	T	0.0507
10	121594355	rs3135718	C	T	1.33
10	121592706	rs3135724	C	"G,T"	1.79
12	111446804	rs3184504	T	"A,C,G"	0
12	111446804	rs3184504	T	"A,C,G"	1.1
5	1296141	rs3215401	-	G	1.0752687
5	1296141	rs3215401	-	G	1.1111112
5	1296141	rs3215401	-	G	1.1363636
5	1296141	rs3215401	-	G	1.0752687
5	1296141	rs3215401	-	G	1.1111112
5	1296141	rs3215401	-	G	1.1363636
19	11313027	rs322144	C	"A,G"	1.0526316
5	91493653	rs332529	G	"A,T"	0.0606
1	108114736	rs33960734	-	"T,TT,TTT,TTTT"	0.0375
2	217098337	rs34005590	C	"A,G,T"	1.2195122
10	63497603	rs34044188	C	"A,T"	0.0953
6	28594471	rs34119086	G	-	0.0679
10	62961440	rs34146356	C	T	0.0861
6	27457865	rs34196306	G	C	0.0747
3	141394028	rs34207738	TT	-	1.06
22	19774906	rs34331122	-	"CT,TT"	0.0288
10	86667452	rs34346910	C	"G,T"	0.49
11	69646918	rs34507830	C	T	0.2629
6	26993501	rs34546498	C	T	0.0747
6	28106103	rs34662244	G	A	0.0691
4	4794716	rs34775372	C	"A,G,T"	1.69
1	155697170	rs348196	T	C	0.0407
4	143318885	rs34853779	T	-	0.0288
5	43891334	rs35029702	G	A	0.0609
10	121580918	rs35054928	C	-	1.27
14	51819674	rs35072154	C	T	0.0301
5	57890836	rs35100619	G	A	0.0507
1	119894128	rs35273427	T	C	0.0707
10	62719072	rs35306388	C	G	0.1041
1	201468704	rs35383942	C	T	1.12
6	149265193	rs35409891	T	-	0.0457
7	92143417	rs35417517	G	-	0.0416
10	62303692	rs35419901	A	T	0.1123
7	92243559	rs35522438	-	T	0.0389
10	63349742	rs35632171	T	G	0.0915
8	100298199	rs35748790	-	"A,AA,AAA,AAAA,AAAAA,AAAAAA,AAAAAAA,AAAAAAAA,AAAAAAAAAA"	0.0317
5	50899260	rs35951924	-	"T,TT,TTT"	1.0526316
10	63197831	rs35997229	T	"C,G"	0.0829
17	68904663	rs36059695	C	T	0.1031
18	27821241	rs36194942	T	-	1.0638298
18	27821241	rs36194942	T	-	1.0638298
18	27821241	rs36194942	T	-	1.0638298
18	27821241	rs36194942	T	-	1.0638298
5	128227188	rs36715	G	A	0.0339
1	145607339	rs368032757	A	C	0.1759
14	102882582	rs368131309	-	C	0.0371
7	92344194	rs369328859	TTTTTTTTTTTT	-	0.0369
10	113678604	rs369832192	GTGT	-	0.0302
10	22681806	rs370356098	G	"C,T"	0.0837
6	151618215	rs3734805	A	C	1.19
19	43919418	rs375066	T	"A,C"	0.0474
10	121573063	rs3750817	C	"G,T"	1.22
20	53956293	rs375506010	CT	-	0.0395
6	151592978	rs3757318	G	A	1.16
6	151592978	rs3757318	G	A	1.33
6	151592978	rs3757318	G	A	1.15
6	151592978	rs3757318	G	A	1.3
6	151621059	rs3757322	T	G	1.15
6	151621059	rs3757322	T	G	1.14
6	151621059	rs3757322	T	G	1.08
6	151621059	rs3757322	T	G	1.15
6	151621059	rs3757322	T	G	1.14
6	151621059	rs3757322	T	G	1.08
19	43782361	rs3760982	A	G	1.06
19	43782361	rs3760982	A	G	1.05
19	43782361	rs3760982	A	G	1.08
19	43782361	rs3760982	A	G	1.05
19	43782361	rs3760982	A	G	1.06
19	43782361	rs3760982	A	G	1.05
19	43782361	rs3760982	A	G	1.08
19	43782361	rs3760982	A	G	1.05
19	43782361	rs3760982	A	G	1.06
19	43782361	rs3760982	A	G	1.05
19	43782361	rs3760982	A	G	1.08
19	43782361	rs3760982	A	G	1.05
2	201258707	rs3769821	C	T	0.0565
3	30677040	rs3773651	A	G	2.15
6	99643666	rs377527229	AAA	-	0.0341
14	68283210	rs3784099	G	A	1.49
14	68283210	rs3784099	G	A	1.43
17	9186907	rs3785982	C	T	1.4
16	52552429	rs3803662	A	G	1.24
16	52552429	rs3803662	A	G	1.3
16	52552429	rs3803662	A	G	1.2
16	52552429	rs3803662	A	G	1.14
16	52552429	rs3803662	A	G	1.28
16	52552429	rs3803662	A	G	1.24
16	52552429	rs3803662	A	G	1.213
16	52552429	rs3803662	A	G	1.16
16	52552429	rs3803662	A	G	1.22
16	52552429	rs3803662	A	G	1.5
16	52552429	rs3803662	A	G	1.24
16	52552429	rs3803662	A	G	1.3
16	52552429	rs3803662	A	G	1.2
16	52552429	rs3803662	A	G	1.14
16	52552429	rs3803662	A	G	1.28
16	52552429	rs3803662	A	G	1.24
16	52552429	rs3803662	A	G	1.213
16	52552429	rs3803662	A	G	1.16
16	52552429	rs3803662	A	G	1.22
16	52552429	rs3803662	A	G	1.5
16	52552429	rs3803662	A	G	1.24
16	52552429	rs3803662	A	G	1.3
16	52552429	rs3803662	A	G	1.2
16	52552429	rs3803662	A	G	1.14
16	52552429	rs3803662	A	G	1.28
16	52552429	rs3803662	A	G	1.24
16	52552429	rs3803662	A	G	1.213
16	52552429	rs3803662	A	G	1.16
16	52552429	rs3803662	A	G	1.22
16	52552429	rs3803662	A	G	1.5
19	2226677	rs3815308	G	"A,C"	0.0288
11	1887776	rs3817198	T	C	1.07
11	1887776	rs3817198	T	C	1.07
11	1887776	rs3817198	T	C	1.05
11	1887776	rs3817198	T	C	1.07
11	1887776	rs3817198	T	C	1.07
11	1887776	rs3817198	T	C	1.07
11	1887776	rs3817198	T	C	1.05
11	1887776	rs3817198	T	C	1.07
11	1887776	rs3817198	T	C	1.07
11	1887776	rs3817198	T	C	1.07
11	1887776	rs3817198	T	C	1.05
11	1887776	rs3817198	T	C	1.07
6	16399326	rs3819405	C	T	1.0416667
3	63956021	rs3821902	T	G	0.0623
5	56882284	rs3822625	A	G	1.36
6	36676721	rs3829964	T	C	0.0331
11	44347927	rs3853291	G	"A,C"	0.0318
10	23061174	rs3858207	C	A	0.2398
15	61410580	rs3884558	A	G	1.46
11	65815595	rs3903072	G	T	1.0309278
11	65815595	rs3903072	G	T	1.0526316
11	65815595	rs3903072	G	T	1.05
11	65815595	rs3903072	G	T	1.0309278
11	65815595	rs3903072	G	T	1.0526316
11	65815595	rs3903072	G	T	1.05
11	65815595	rs3903072	G	T	1.0309278
11	65815595	rs3903072	G	T	1.0526316
11	65815595	rs3903072	G	T	1.05
6	166308998	rs4075454	T	"A,C"	1.2987013
7	102160260	rs411624	A	C	0.0767
12	21178615	rs4149056	T	C	0.5
6	13713134	rs418053	G	C	0.0465
5	91979496	rs421379	T	C	1.49
5	91979496	rs421379	T	C	1.61
1	40914768	rs4233486	C	T	1.0309278
1	204549714	rs4245739	C	"A,G"	1.14
1	204549714	rs4245739	C	"A,G"	1.09
1	204549714	rs4245739	C	"A,G"	1.14
1	204549714	rs4245739	C	"A,G"	1.19
1	204549714	rs4245739	C	"A,G"	1.13
1	204549714	rs4245739	C	"A,G"	1.14
1	204549714	rs4245739	C	"A,G"	1.09
1	204549714	rs4245739	C	"A,G"	1.14
1	204549714	rs4245739	C	"A,G"	1.19
1	204549714	rs4245739	C	"A,G"	1.13
5	53399007	rs4254863	T	C	0.0472
8	36992428	rs4286946	C	G	0.0799
14	87829256	rs4322600	A	G	1.18
1	213850882	rs4342822	G	T	1.92
11	10299114	rs4345958	G	A	0.0322
5	44662413	rs4415084	C	T	1.17
2	217056046	rs4442975	G	T	1.0638298
2	217056046	rs4442975	G	T	1.1235955
2	217056046	rs4442975	G	T	1.0638298
2	217056046	rs4442975	G	T	1.1235955
16	87051631	rs4496150	C	A	1.0416667
6	27873148	rs45509595	T	C	0.0684
22	27799398	rs45589338	C	"A,G"	0.1112
5	170164483	rs4562056	G	T	1.05
10	121589810	rs45631563	A	T	1.2345679
2	28897867	rs4577244	C	T	1.0869565
21	29805194	rs458685	A	G	0
7	130982362	rs4593472	C	T	1.0526316
7	130982362	rs4593472	C	T	1.0309278
7	130982362	rs4593472	C	T	1.0526316
7	130982362	rs4593472	C	T	1.0309278
19	14901422	rs4594370	A	G	0.1022
6	80398959	rs4604234	A	C	1.1
2	216883915	rs4674124	C	T	0.056
5	16233510	rs4702131	T	C	0.0424
9	104094512	rs4742903	G	"A,C"	0.0325
11	15431096	rs4757319	A	G	0.0298
17	45394123	rs4763	G	A	0.0464
15	50402109	rs4774565	A	G	0.0329
16	52541995	rs4784223	A	G	1.27
16	52565276	rs4784227	C	T	1.24
16	52565276	rs4784227	C	T	1.23
16	52565276	rs4784227	C	T	1.14
16	52565276	rs4784227	C	T	1.07
16	52565276	rs4784227	C	T	1.31
16	52565276	rs4784227	C	T	1.15
16	52565276	rs4784227	C	T	1.31
16	52565276	rs4784227	C	T	1.38
16	52565276	rs4784227	C	T	1.24
16	52565276	rs4784227	C	T	1.23
16	52565276	rs4784227	C	T	1.14
16	52565276	rs4784227	C	T	1.07
16	52565276	rs4784227	C	T	1.31
16	52565276	rs4784227	C	T	1.15
16	52565276	rs4784227	C	T	1.31
16	52565276	rs4784227	C	T	1.38
11	96198321	rs479825	T	C	1.64
19	17279482	rs4808075	T	C	0
19	17279482	rs4808075	T	C	1.1
19	18460331	rs4808801	A	G	1.0416667
19	18460331	rs4808801	A	G	1.08
19	18460331	rs4808801	A	G	1.0752687
19	18460331	rs4808801	A	G	1.0752687
19	18460331	rs4808801	A	G	1.0416667
19	18460331	rs4808801	A	G	1.08
19	18460331	rs4808801	A	G	1.0752687
19	18460331	rs4808801	A	G	1.0752687
19	18460331	rs4808801	A	G	1.0416667
19	18460331	rs4808801	A	G	1.08
19	18460331	rs4808801	A	G	1.0752687
19	18460331	rs4808801	A	G	1.0752687
20	19772894	rs4814894	G	A	0.0323
3	27285723	rs481519	C	"A,T"	0
22	38174306	rs4820318	G	A	0.0475
22	42745087	rs4820477	G	C	0.0307
22	29273659	rs4820803	G	"A,C,T"	0.0394
2	120481784	rs4848599	T	C	0.0933
2	120487546	rs4849887	T	"A,C"	1.1764705
2	120487546	rs4849887	T	"A,C"	1.098901
2	120487546	rs4849887	T	"A,C"	1.1
2	120487546	rs4849887	T	"A,C"	1.098901
2	120487546	rs4849887	T	"A,C"	1.1764705
2	120487546	rs4849887	T	"A,C"	1.098901
2	120487546	rs4849887	T	"A,C"	1.1
2	120487546	rs4849887	T	"A,C"	1.098901
2	120487546	rs4849887	T	"A,C"	1.1764705
2	120487546	rs4849887	T	"A,C"	1.098901
2	120487546	rs4849887	T	"A,C"	1.1
2	120487546	rs4849887	T	"A,C"	1.098901
4	181490427	rs4861477	A	C	0
4	57013626	rs4865169	C	T	0.0278
11	68164294	rs4930561	G	A	1.59
18	63178058	rs4940575	T	C	0.04
1	203797203	rs4951011	A	G	1.09
12	26617956	rs4964006	C	"A,T"	1.96
17	72983988	rs4969001	G	T	1.32
1	155176305	rs4971059	G	A	1.05
3	27374522	rs4973768	C	T	1.11
3	27374522	rs4973768	C	T	1.14
3	27374522	rs4973768	C	T	1.11
3	27374522	rs4973768	C	T	1.1
3	27374522	rs4973768	C	T	1.1
3	27374522	rs4973768	C	T	1.16
3	27374522	rs4973768	C	T	1.11
3	27374522	rs4973768	C	T	1.14
3	27374522	rs4973768	C	T	1.11
3	27374522	rs4973768	C	T	1.1
3	27374522	rs4973768	C	T	1.1
3	27374522	rs4973768	C	T	1.16
3	27374522	rs4973768	C	T	1.11
3	27374522	rs4973768	C	T	1.14
3	27374522	rs4973768	C	T	1.11
3	27374522	rs4973768	C	T	1.1
3	27374522	rs4973768	C	T	1.1
3	27374522	rs4973768	C	T	1.16
11	1880867	rs4980383	C	T	1.08
11	1880867	rs4980383	C	T	1.07
11	111636465	rs505372	A	"C,G"	0.0322
8	101466731	rs514192	A	"G,T"	1.05
18	26757460	rs527616	C	G	1.05
18	26757460	rs527616	C	G	1.0526316
18	26757460	rs527616	C	G	1.0309278
18	26757460	rs527616	C	G	1.05
18	26757460	rs527616	C	G	1.0526316
18	26757460	rs527616	C	G	1.0309278
18	26757460	rs527616	C	G	1.05
18	26757460	rs527616	C	G	1.0526316
18	26757460	rs527616	C	G	1.0309278
11	69492927	rs537626	G	C	1.29
11	69516874	rs554219	C	"A,G,T"	1.26
11	69516874	rs554219	C	"A,G,T"	1.21
11	69516874	rs554219	C	"A,G,T"	1.26
11	69516874	rs554219	C	"A,G,T"	1.21
5	45333758	rs55821517	T	C	0.0639
6	27104763	rs55834529	A	G	0.071
11	66710394	rs55908905	T	-	0.032
10	5752689	rs55910451	A	G	0.0377
16	79190071	rs55986698	G	A	0.0421
19	17283116	rs56069439	C	A	1.16
19	17283116	rs56069439	C	A	0.0387
19	17283116	rs56069439	C	A	1.19
19	17283116	rs56069439	C	A	1.16
19	17283116	rs56069439	C	A	0.0387
19	17283116	rs56069439	C	A	1.19
16	54107655	rs56077980	-	T	0.0346
13	32295727	rs56084662	G	A	0
6	27307055	rs56114371	C	T	0.071
3	27608457	rs56138756	A	G	0.0508
1	186763038	rs56160832	G	"A,C,T"	0.0463
1	51001425	rs56168262	T	-	0.0372
16	82039249	rs56169712	-	"AC,ACAC,ACACAC,ACACACAC,ACACACACAC"	0.0319
7	103143080	rs56196003	C	A	0.0363
16	4058158	rs56278937	A	-	0.0317
10	22581150	rs56333866	TTTC	-	0.0928
3	46846708	rs56387622	T	C	0.0942
13	32265853	rs56404467	G	A	1.2
7	102824804	rs57237364	TTT	-	0.0331
17	7298013	rs57275132	-	GGG	0.0311
1	149811278	rs57324102	AC	-	0.0885
5	7290571	rs57380813	-	G	0.0313
5	101043689	rs575018	C	"G,T"	0.13
1	177930963	rs575908	T	"A,C"	0.032
19	14774988	rs57712673	T	A	0.36
1	109680280	rs5776993	A	-	0.0563
1	207761731	rs5780403	-	"A,AA"	0.0378
11	15309178	rs5789877	-	CT	0.0324
17	29372674	rs57968892	-	GTTTTG	0.0317
3	172567447	rs58058861	G	A	1.06
14	35130485	rs58327846	T	-	0.0311
2	200849597	rs5837757	A	-	0.0438
18	13110432	rs58685532	T	-	0.041
10	113490891	rs58742730	A	G	0.0467
8	123597926	rs58847541	G	"A,C"	1.08
1	203832121	rs59867004	T	C	0.0446
7	36899717	rs59964204	G	A	0.45
22	40480230	rs6001930	T	C	1.12
22	40480230	rs6001930	T	C	1.14
22	40480230	rs6001930	T	C	1.12
22	40480230	rs6001930	T	C	1.14
22	40480230	rs6001930	T	C	1.07
22	40480230	rs6001930	T	C	1.12
22	40480230	rs6001930	T	C	1.12
22	40480230	rs6001930	T	C	1.14
22	40480230	rs6001930	T	C	1.12
22	40480230	rs6001930	T	C	1.14
22	40480230	rs6001930	T	C	1.07
22	40480230	rs6001930	T	C	1.12
22	40480230	rs6001930	T	C	1.12
22	40480230	rs6001930	T	C	1.14
22	40480230	rs6001930	T	C	1.12
22	40480230	rs6001930	T	C	1.14
22	40480230	rs6001930	T	C	1.07
22	40480230	rs6001930	T	C	1.12
22	40623944	rs6001982	C	A	0.1207
9	107541528	rs60037937	AA	-	0.0853
20	50826118	rs6020772	C	T	0.0348
14	103585480	rs60226654	A	-	0.0299
1	168127440	rs60504827	C	T	0.053
3	150755819	rs60538652	A	T	1.26
20	64247978	rs6062356	T	G	0.0405
20	39049018	rs6071641	T	A	1.3157895
3	27290919	rs60936670	TCAAAACA	-	0.1056
6	151634779	rs60954078	A	G	0.1817
20	50329374	rs6122906	A	G	1.05
1	100414772	rs612683	A	T	0.0327
11	69513996	rs614367	C	T	1.21
11	69513996	rs614367	C	T	1.34
11	69513996	rs614367	C	T	1.15
17	59769155	rs61495451	T	-	0.0398
1	10506158	rs616488	A	G	1.1235955
1	10506158	rs616488	A	G	1.0638298
1	10506158	rs616488	A	G	1.1
1	10506158	rs616488	A	G	1.0638298
1	10506158	rs616488	A	G	1.06
1	10506158	rs616488	A	G	1.1235955
1	10506158	rs616488	A	G	1.0638298
1	10506158	rs616488	A	G	1.1
1	10506158	rs616488	A	G	1.0638298
1	10506158	rs616488	A	G	1.06
1	10506158	rs616488	A	G	1.1235955
1	10506158	rs616488	A	G	1.0638298
1	10506158	rs616488	A	G	1.1
1	10506158	rs616488	A	G	1.0638298
1	10506158	rs616488	A	G	1.06
3	49129027	rs61729152	C	"G,T"	0.1081
11	65935052	rs617791	G	C	0.0281
10	62822722	rs61865900	T	C	0.078
16	53769311	rs62048402	G	A	0.0624
17	45941122	rs62061734	T	"A,C"	0.0526
17	82597601	rs62079673	T	C	0.0329
17	74776908	rs62084913	C	T	0.0307
2	201666541	rs62193398	T	C	0.0332
22	27918624	rs62235635	G	A	0.4659
22	28684743	rs62235681	A	G	0.4558
22	28876649	rs62235753	C	T	0.2221
22	40868537	rs62237039	T	G	0.101
22	28156710	rs62237573	C	"A,T"	0.4256
22	28343127	rs62237615	T	G	0.4404
4	67215843	rs62315512	G	A	0.04
4	105147856	rs62331150	G	T	0.0494
5	56757708	rs62355901	T	C	0.1734
5	56757896	rs62355902	A	T	1.18
5	56757896	rs62355902	A	T	1.06
5	56757896	rs62355902	A	T	1.18
5	56757896	rs62355902	A	T	1.06
7	144351809	rs62485509	G	"A,T"	0.0545
9	108123199	rs630965	C	T	0.0992
2	11895429	rs6432241	G	C	0.0313
11	111765903	rs643506	T	G	0.0344
2	217858732	rs6436017	A	G	0.0399
5	67683422	rs6449898	G	T	0.033
5	76143375	rs6453204	A	G	3.3
5	76143375	rs6453204	A	G	2.2
8	75318066	rs6472903	G	T	1.1
8	75318066	rs6472903	G	T	1.0638298
8	75318066	rs6472903	G	T	1.098901
8	75318066	rs6472903	G	T	1.1
8	75318066	rs6472903	G	T	1.0638298
8	75318066	rs6472903	G	T	1.098901
8	75318066	rs6472903	G	T	1.1
8	75318066	rs6472903	G	T	1.0638298
8	75318066	rs6472903	G	T	1.098901
8	80887958	rs6473252	C	T	0.0309
17	54979110	rs6504950	G	A	1.06
17	54979110	rs6504950	G	A	1.0638298
17	54979110	rs6504950	G	A	1.05
17	54979110	rs6504950	G	A	1.06
17	54979110	rs6504950	G	A	1.0638298
17	54979110	rs6504950	G	A	1.05
18	44819625	rs6507583	A	G	1.098901
18	44819625	rs6507583	A	G	1.0869565
18	44819625	rs6507583	A	G	1.098901
18	44819625	rs6507583	A	G	1.0869565
3	27302153	rs653465	C	T	1.18
5	164462274	rs6556756	G	T	0
8	22634616	rs6558174	A	G	0.0362
13	73383544	rs6562760	A	G	1.1235955
13	73383544	rs6562760	A	G	1.0869565
13	73383544	rs6562760	A	G	1.0526316
13	73383544	rs6562760	A	G	1.1235955
13	73383544	rs6562760	A	G	1.1235955
13	73383544	rs6562760	A	G	1.0869565
13	73383544	rs6562760	A	G	1.0526316
13	73383544	rs6562760	A	G	1.1235955
13	73383544	rs6562760	A	G	1.1235955
13	73383544	rs6562760	A	G	1.0869565
13	73383544	rs6562760	A	G	1.0526316
13	73383544	rs6562760	A	G	1.1235955
6	130027974	rs6569648	C	T	1.0752687
6	130027974	rs6569648	C	T	1.0752687
6	130027974	rs6569648	C	T	1.0638298
6	130027974	rs6569648	C	T	1.0752687
6	130027974	rs6569648	C	T	1.0752687
6	130027974	rs6569648	C	T	1.0638298
10	113023044	rs6585202	T	C	1.1
5	133071366	rs6596100	C	T	1.0638298
11	803017	rs6597981	A	G	1.0416667
2	69023500	rs66686620	G	A	0.0469
1	119716347	rs666930	T	"A,C"	0.0347
5	22642425	rs66783663	C	T	0.0408
1	202218048	rs6678914	G	A	1.0869565
1	202218048	rs6678914	G	A	1.1
1	202218048	rs6678914	G	A	1.0869565
1	202218048	rs6678914	G	A	1.1
8	220692	rs66823261	T	"A,C"	1.09
8	220692	rs66823261	T	"A,C"	1.09
8	220692	rs66823261	T	"A,C"	0.041
8	220692	rs66823261	T	"A,C"	1.09
8	220692	rs66823261	T	"A,C"	1.09
8	220692	rs66823261	T	"A,C"	0.041
8	220692	rs66823261	T	"A,C"	1.09
8	220692	rs66823261	T	"A,C"	1.09
8	220692	rs66823261	T	"A,C"	0.041
19	43484866	rs66849333	C	T	0.0693
10	62201406	rs66964413	A	C	0.1034
22	40508704	rs66987842	T	-	0.1233
2	28896719	rs67073037	A	T	1.0869565
2	28896719	rs67073037	A	T	1.0869565
2	28896719	rs67073037	A	T	1.0869565
2	28896719	rs67073037	A	T	1.0869565
15	75637960	rs67079557	TAATAAG	-	0.0362
2	24748307	rs6710503	G	"A,T"	0.0323
12	95623181	rs67129489	A	G	1.36
2	24906604	rs6725517	A	G	1.0416667
19	17290595	rs67397200	C	G	1.03
19	17290595	rs67397200	C	G	1.17
19	17290595	rs67397200	C	G	1.18
19	17290595	rs67397200	C	G	1.03
19	17290595	rs67397200	C	G	1.17
19	17290595	rs67397200	C	G	1.18
9	19457614	rs67500807	-	G	0.0396
2	69945455	rs6756513	G	A	0.0366
9	108133073	rs676256	C	T	1.098901
3	4700592	rs6762644	A	G	1.05
3	4700592	rs6762644	A	G	1.07
3	4700592	rs6762644	A	G	1.07
3	4700592	rs6762644	A	G	1.05
3	4700592	rs6762644	A	G	1.07
3	4700592	rs6762644	A	G	1.07
3	4700592	rs6762644	A	G	1.05
3	4700592	rs6762644	A	G	1.07
3	4700592	rs6762644	A	G	1.07
3	141547651	rs6776003	G	A	0.0394
3	4686890	rs6787391	C	T	0.0567
3	150750021	rs6788895	G	T	1.22
3	150750021	rs6788895	G	T	1.23
3	34938860	rs6789440	T	A	0.0403
10	9046151	rs67958007	G	-	1.09
3	46825376	rs6796502	G	"A,T"	1.0869565
3	46825376	rs6796502	G	"A,T"	1.0869565
3	46825376	rs6796502	G	"A,T"	1.0869565
3	46825376	rs6796502	G	"A,T"	1.0869565
6	25710343	rs68006638	G	"A,C"	0.0646
3	71482962	rs6805189	T	"A,C,G"	1.0309278
7	130989722	rs68056147	G	A	0.0501
2	172285284	rs68130068	C	"G,T"	0
10	9175196	rs68140948	C	T	0.0481
4	38814717	rs6815814	A	C	1.06
4	145775911	rs6818581	A	G	0.1608
4	174925275	rs6828523	C	A	1.098901
4	174925275	rs6828523	C	A	1.11
4	174925275	rs6828523	C	A	1.1111112
4	174925275	rs6828523	C	A	1.098901
4	174925275	rs6828523	C	A	1.11
4	174925275	rs6828523	C	A	1.1111112
4	174925275	rs6828523	C	A	1.098901
4	174925275	rs6828523	C	A	1.11
4	174925275	rs6828523	C	A	1.1111112
5	132304843	rs6860806	A	G	0.0335
5	174280232	rs6878584	A	G	2.27
5	124400713	rs6878727	A	G	0.0335
5	111882089	rs6882649	G	T	1.0309278
5	56964779	rs6890270	A	G	0.1349
5	154976135	rs6890610	C	T	0.0327
6	151734843	rs6904031	A	T	0.1314
6	81677422	rs6912005	G	A	0.0483
6	20728282	rs6928012	C	T	0.0303
6	85210757	rs6934651	T	C	0.0522
15	74843920	rs6938	C	G	0.0364
6	170017397	rs6940159	T	C	0.033
7	103251337	rs6946892	T	"C,G"	0.0413
7	92001306	rs6964587	G	T	1.05
7	92001306	rs6964587	G	T	1.03
7	92001306	rs6964587	G	T	1.05
7	92001306	rs6964587	G	T	1.03
8	142925688	rs6988985	T	C	0.25
8	128192016	rs7017073	T	C	0.0572
8	19828398	rs7017697	G	"C,T"	0.0319
10	79081391	rs704010	T	C	1.08
10	79081391	rs704010	T	C	1.07
10	79081391	rs704010	T	C	1.07
10	79081391	rs704010	T	C	1.08
10	79081391	rs704010	T	C	1.08
10	79081391	rs704010	T	C	1.07
10	79081391	rs704010	T	C	1.07
10	79081391	rs704010	T	C	1.08
10	79081391	rs704010	T	C	1.08
10	79081391	rs704010	T	C	1.07
10	79081391	rs704010	T	C	1.07
10	79081391	rs704010	T	C	1.08
10	21744013	rs7072776	A	G	1.07
10	21744013	rs7072776	A	G	1.07
10	21744013	rs7072776	A	G	1.05
10	21744013	rs7072776	A	G	1.07
10	21744013	rs7072776	A	G	1.07
10	21744013	rs7072776	A	G	1.05
10	21744013	rs7072776	A	G	1.07
10	21744013	rs7072776	A	G	1.07
10	21744013	rs7072776	A	G	1.05
1	7857016	rs707475	G	A	0.035
10	8346355	rs7075481	A	G	0.3776
10	21545607	rs7098100	G	A	0.0572
11	129360950	rs7102494	C	T	0.0508
11	126175935	rs7105310	C	G	0.3841
11	113863660	rs71063528	A	-	0.0381
11	129603795	rs7107217	A	"C,G"	1.08
11	123095918	rs7121616	A	G	0.0314
3	48311089	rs71281886	-	T	0.1168
19	45679775	rs71338792	-	T	1.05
10	27189785	rs71386921	TA	-	0.0366
14	36667340	rs7149262	C	A	0.0724
14	67599772	rs7149859	G	"A,T"	1.22
6	26680470	rs71557345	G	A	1.0869565
7	101909160	rs71559437	G	A	1.0752687
6	14107800	rs71564305	G	"A,T"	2.3255813
4	85740190	rs71599425	G	"A,T"	0.0797
16	71918418	rs71695136	T	-	0.0427
2	111168161	rs71801447	TTTATGT	-	1.09
9	103912867	rs718857	T	C	0.0311
16	81924693	rs7192724	C	G	1.24
2	60408219	rs72001329	A	-	0.0312
7	144377836	rs720475	G	A	1.0638298
7	144377836	rs720475	G	A	1.06
7	144377836	rs720475	G	A	1.0416667
7	144377836	rs720475	G	A	1.0638298
7	144377836	rs720475	G	A	1.06
7	144377836	rs720475	G	A	1.0416667
7	144377836	rs720475	G	A	1.0638298
7	144377836	rs720475	G	A	1.06
7	144377836	rs720475	G	A	1.0416667
17	30884649	rs7223535	G	A	0.0439
6	160665585	rs72314471	AATAA	-	0.0385
19	19684649	rs72396995	ACTCA	-	0.0383
18	26576054	rs7240205	C	"G,T"	0.0365
19	17099805	rs7249698	G	A	0.0327
19	18422832	rs7258465	T	C	0.0725
8	75393550	rs72658071	A	T	0.1182
5	50345811	rs72749841	T	C	1.0752687
5	45984331	rs72751936	G	"A,C,T"	0.0667
1	241870961	rs72755295	A	G	1.15
1	241870961	rs72755295	A	G	1.15
1	241870961	rs72755295	A	G	1.15
1	241870961	rs72755295	A	G	1.15
5	46090449	rs72755643	A	G	0.0652
5	45846518	rs72765759	C	T	0.0693
5	81820020	rs72774916	C	T	0.0648
21	14855305	rs7278690	A	G	0.0583
10	21863269	rs72806318	G	A	0.2218
10	92172529	rs72807246	A	G	0.0429
10	22108073	rs72810771	C	T	0.2026
10	22383039	rs72814839	T	C	0.1943
16	80805081	rs72820985	A	G	0.0423
17	42684371	rs72826962	C	T	1.2
6	36795636	rs72856431	C	T	0.1135
11	69154575	rs72932540	A	G	0.0553
18	64663607	rs72942597	T	G	0.2224
2	217177160	rs72953532	C	"A,T"	0.1819
12	28021884	rs7297051	C	T	1.1494253
12	28021884	rs7297051	C	T	1.1627907
12	28021884	rs7297051	C	T	1.1363636
12	28021884	rs7297051	C	T	1.1235955
12	28021884	rs7297051	C	T	1.1235955
12	28021884	rs7297051	C	T	1.1494253
12	28021884	rs7297051	C	T	1.1627907
12	28021884	rs7297051	C	T	1.1363636
12	28021884	rs7297051	C	T	1.1235955
12	28021884	rs7297051	C	T	1.1235955
2	189205442	rs73034872	A	"C,T"	0.1191
20	5791630	rs73077323	G	A	0.0563
5	43410515	rs73098691	G	A	0.0689
20	37635373	rs73107564	A	T	1.43
12	52918828	rs73110464	C	T	0
22	41642782	rs73161324	C	T	1.06
22	41323244	rs73176670	C	T	0.0751
8	130991174	rs73348588	G	T	0.1212
18	64514353	rs73487618	T	G	0.0989
5	132497907	rs736801	C	T	0.0349
5	56361879	rs7378815	C	T	0.0494
3	28290744	rs73822569	A	G	0.2565
22	38172826	rs738321	C	"G,T"	1.0526316
20	39051206	rs742276	G	"A,C"	1.2987013
3	177768082	rs7430456	A	G	0.0292
6	122394099	rs74392007	C	T	0.0514
10	8655165	rs74433033	G	A	0.09
17	79807926	rs745570	A	G	1.0526316
17	79807926	rs745570	A	G	1.03
17	79807926	rs745570	A	G	1.0416667
17	79807926	rs745570	A	G	1.0526316
17	79807926	rs745570	A	G	1.03
17	79807926	rs745570	A	G	1.0416667
7	103022031	rs7458786	G	A	0.0379
10	121042949	rs748476	A	"C,T"	0.0399
7	74696373	rs74910854	A	G	0.0607
11	108486410	rs74911261	G	A	1.3513513
11	108486410	rs74911261	G	A	1.22
11	108486410	rs74911261	G	A	1.2195122
11	108486410	rs74911261	G	A	1.3513513
11	108486410	rs74911261	G	A	1.22
11	108486410	rs74911261	G	A	1.2195122
11	117199645	rs74949440	C	T	2.59
16	80614399	rs7500067	A	G	0.0785
2	189440322	rs75116627	A	T	0.1517
1	113903258	rs7513707	G	A	0.0554
1	155302483	rs7524950	C	T	0.0419
5	51439473	rs75282042	T	C	0.0971
2	18308590	rs75282989	G	A	0.1716
1	117687599	rs7529522	T	C	1.06
3	169043635	rs75316749	A	G	1.1
11	66843174	rs7570	G	C	0.0319
5	123338869	rs75887402	T	C	0.0919
11	69564393	rs75915166	C	A	1.31
11	69564393	rs75915166	C	A	1.28
11	69564393	rs75915166	C	A	1.31
11	69564393	rs75915166	C	A	1.28
9	8545593	rs76007978	G	A	0.1781
6	122554525	rs76092474	C	T	0.046
3	27468223	rs7619833	G	"A,C"	0.0874
10	81950055	rs76340606	G	A	0.1643
5	51555704	rs76375990	T	C	0.098
3	156927968	rs7637701	G	A	0.03
3	119542528	rs7648642	A	C	1.5625
7	8512984	rs765855	A	G	0
4	105140377	rs7679673	C	A	0
4	174906885	rs7697216	T	C	0.1039
5	105742977	rs7701292	T	C	1.79
5	82242227	rs7707921	T	A	1.0416667
5	82242227	rs7707921	T	A	1.0752687
5	82242227	rs7707921	T	A	1.0416667
5	82242227	rs7707921	T	A	1.0752687
5	2777197	rs7709328	G	A	0.0327
5	44874903	rs7716600	A	"C,T"	1.24
4	36590617	rs77198337	C	T	0.1641
5	91594201	rs7721647	C	T	0.032
5	1282299	rs7725218	G	A	0
5	1282204	rs7726159	C	A	1.07
5	1282204	rs7726159	C	A	1.09
5	56960656	rs7726354	C	T	1.37
9	13942941	rs77457752	G	A	0.0462
4	17386536	rs77485526	C	T	0.0895
4	125922349	rs77528541	G	T	1.0526316
15	90965985	rs77554484	C	"A,T"	0.0741
9	85664713	rs77674461	T	C	0.0808
11	117214494	rs77683187	A	C	0.0613
2	201502866	rs77688320	T	G	0.0489
6	84379128	rs7768862	T	A	0.028
7	28828469	rs77702473	C	G	0.0481
4	105435604	rs77928427	C	A	0.04
7	38712494	rs7794030	A	G	1.43
7	12721416	rs7810893	T	C	0.0299
19	13047463	rs78269692	T	C	1.09
1	41821259	rs78295797	G	A	0.0953
8	127677080	rs7833090	T	C	0.0339
8	30372068	rs7834448	T	"C,G"	0.0309
8	75751646	rs7844233	A	G	0.0813
9	108239892	rs7847854	C	T	0.055
11	69516650	rs78540526	C	T	1.34
11	69516650	rs78540526	C	T	0.2758
11	69516650	rs78540526	C	T	1.34
11	69516650	rs78540526	C	T	0.2758
9	21995942	rs78545330	T	A	1.26
3	156800880	rs78579487	-	TT	0.0324
9	95008323	rs7862618	C	"A,T"	0.1381
6	151859461	rs78796841	A	G	0.1097
10	121904429	rs7899628	C	T	0.0396
10	113014168	rs7904519	A	G	1.05
10	113014168	rs7904519	A	G	1.08
10	113014168	rs7904519	A	G	1.06
10	113014168	rs7904519	A	G	1.03
10	113014168	rs7904519	A	G	1.05
10	113014168	rs7904519	A	G	1.08
10	113014168	rs7904519	A	G	1.06
10	113014168	rs7904519	A	G	1.03
10	113014168	rs7904519	A	G	1.05
10	113014168	rs7904519	A	G	1.08
10	113014168	rs7904519	A	G	1.06
10	113014168	rs7904519	A	G	1.03
10	113127459	rs7906315	A	G	0.0357
8	50831133	rs79108280	TT	-	0.0356
10	27080233	rs7918232	T	C	0.036
11	69227030	rs7931342	T	G	0
11	62126500	rs7937840	C	T	0.035
7	98397243	rs79518236	CT	-	0.0396
7	21901342	rs7971	A	G	1.0416667
1	41671640	rs79724016	T	G	1.0752687
12	130560585	rs7975553	G	A	1.2987013
11	2369831	rs800132	A	G	0.0689
14	70452982	rs8014252	T	C	0.2981
6	1319077	rs80199833	C	T	0.0356
15	75516399	rs8027365	A	"C,G,T"	0.038
9	116672011	rs803903	A	G	0.0456
16	71475893	rs8050871	C	G	0.0315
17	81397410	rs8074440	A	"C,T"	0.0353
17	30689342	rs8081187	G	A	0.0607
17	79797749	rs8082452	T	"C,G"	0.0418
19	17282085	rs8100241	G	A	1.14
19	51942133	rs8113308	T	C	1.69
22	41815785	rs8137282	C	G	0.0882
19	17278895	rs8170	G	A	1.15
19	17278895	rs8170	G	A	1.04
19	17278895	rs8170	G	A	1.17
19	17278895	rs8170	G	A	1.19
19	17278895	rs8170	G	A	1.26
19	17278895	rs8170	G	A	1.15
19	17278895	rs8170	G	A	1.15
19	17278895	rs8170	G	A	1.04
19	17278895	rs8170	G	A	1.17
19	17278895	rs8170	G	A	1.19
19	17278895	rs8170	G	A	1.26
19	17278895	rs8170	G	A	1.15
19	17278895	rs8170	G	A	1.15
19	17278895	rs8170	G	A	1.04
19	17278895	rs8170	G	A	1.17
19	17278895	rs8170	G	A	1.19
19	17278895	rs8170	G	A	1.26
19	17278895	rs8170	G	A	1.15
7	98065546	rs847577	T	A	0.0284
14	36808438	rs848087	A	"G,T"	0.0427
9	108126198	rs865686	G	"A,T"	1.1111112
9	108126198	rs865686	G	"A,T"	1.12
9	108126198	rs865686	G	"A,T"	1.12
9	108126198	rs865686	G	"A,T"	1.1111112
9	108126198	rs865686	G	"A,T"	1.12
9	108126198	rs865686	G	"A,T"	1.12
5	56736057	rs889312	C	A	1.29
5	56736057	rs889312	C	A	1.12
5	56736057	rs889312	C	A	1.13
5	56736057	rs889312	C	A	1.22
5	56736057	rs889312	C	A	1.12
5	56736057	rs889312	C	A	1.29
5	56736057	rs889312	C	A	1.12
5	56736057	rs889312	C	A	1.13
5	56736057	rs889312	C	A	1.22
5	56736057	rs889312	C	A	1.12
17	82946434	rs898097	C	"A,T"	0.0311
1	84156830	rs903263	G	"A,T"	1.27
11	1920716	rs909116	T	C	1.17
17	797882	rs910920	G	A	1.754386
6	54862053	rs924712	A	G	0.0291
6	28958443	rs9257408	G	"A,C,T"	1.02
6	28958443	rs9257408	G	"A,C,T"	1.05
6	28958443	rs9257408	G	"A,C,T"	1.02
6	28958443	rs9257408	G	"A,C,T"	1.05
6	29388554	rs9257809	A	G	0.0627
6	30682249	rs9262142	G	A	0.0489
5	59180291	rs9292195	T	"A,C"	0.0434
5	44822356	rs930395	G	A	0.1187
14	77005236	rs9323635	C	"A,G,T"	0.1122
6	21905495	rs9350395	A	"G,T"	0.0323
6	81545215	rs9361840	A	G	0.0541
6	7231610	rs9379084	G	A	0.0486
6	151623479	rs9383936	G	A	1.35
6	151666222	rs9383938	G	T	1.28
6	151974478	rs9383951	G	C	1.14
6	151631197	rs9397437	G	A	1.32
6	151631197	rs9397437	G	A	1.17
6	151631197	rs9397437	G	A	1.2
6	151631197	rs9397437	G	A	1.32
6	151631197	rs9397437	G	A	1.17
6	151631197	rs9397437	G	A	1.2
14	91374725	rs941764	A	G	1.03
14	91374725	rs941764	A	G	1.07
14	91374725	rs941764	A	G	1.06
14	91374725	rs941764	A	G	1.03
14	91374725	rs941764	A	G	1.07
14	91374725	rs941764	A	G	1.06
14	91374725	rs941764	A	G	1.03
14	91374725	rs941764	A	G	1.07
14	91374725	rs941764	A	G	1.06
10	127011685	rs9418690	C	T	1.28
10	119567672	rs9421352	A	"G,T"	0.0389
6	80496839	rs9449003	G	"A,T"	0.0295
6	20923044	rs9460578	T	A	0.0337
6	149287738	rs9485372	G	A	1.11
6	149287738	rs9485372	G	A	1.0416667
6	149287738	rs9485372	G	A	1.11
6	149287738	rs9485372	G	A	1.0416667
13	50521772	rs9562987	G	A	0.0305
13	29543880	rs9578106	T	C	0.0461
13	28590646	rs9579199	G	A	1.2048
22	38798063	rs9619765	C	T	0.0914
18	23047728	rs9675999	G	A	0.0319
8	29652100	rs9693444	A	C	1.07
8	29652100	rs9693444	A	C	1.06
8	29652100	rs9693444	A	C	1.07
8	29652100	rs9693444	A	C	1.07
8	29652100	rs9693444	A	C	1.06
8	29652100	rs9693444	A	C	1.07
8	29652100	rs9693444	A	C	1.07
8	29652100	rs9693444	A	C	1.06
8	29652100	rs9693444	A	C	1.07
8	123726378	rs970821	C	T	0.0445
2	67654625	rs9712235	G	A	0.0357
4	105163621	rs9790517	C	T	1.05
4	105163621	rs9790517	C	T	1.04
4	105163621	rs9790517	C	T	1.05
4	105163621	rs9790517	C	T	1.05
4	105163621	rs9790517	C	T	1.04
4	105163621	rs9790517	C	T	1.05
4	105163621	rs9790517	C	T	1.05
4	105163621	rs9790517	C	T	1.04
4	105163621	rs9790517	C	T	1.05
21	46360308	rs9808759	T	"A,C,G"	0.0597
5	45285616	rs981782	A	C	1.04
3	86154659	rs9833726	G	T	0.0429
3	100004736	rs9833888	G	T	1.06
3	151704793	rs9834244	G	A	1.6949153
3	100105841	rs9837602	G	A	0.0448
3	47241865	rs9867461	C	T	0.0964
3	190056667	rs9882792	C	T	0.0377
4	91717049	rs9884765	T	"A,C"	0.0353
16	73405456	rs9934948	C	T	1.29
18	45308832	rs9952980	T	"A,C"	0.0478
18	44831838	rs9954058	G	"A,C"	0.0891
18	27826891	rs9959491	C	T	0.0345
14	68567965	rs999737	C	T	1.098901
14	68567965	rs999737	C	T	1.0869565
14	68567965	rs999737	C	T	1.0869565
14	68567965	rs999737	C	T	1.09
14	68567965	rs999737	C	T	1.06
14	68567965	rs999737	C	T	1.098901
14	68567965	rs999737	C	T	1.0869565
14	68567965	rs999737	C	T	1.0869565
14	68567965	rs999737	C	T	1.09
14	68567965	rs999737	C	T	1.06
14	68567965	rs999737	C	T	1.098901
14	68567965	rs999737	C	T	1.0869565
14	68567965	rs999737	C	T	1.0869565
14	68567965	rs999737	C	T	1.09
14	68567965	rs999737	C	T	1.06
