CHR	POS	ID	REF	ALT	PRS_SCORE
2	212432139	rs13393577	T	C	0.0611
22	29225488	rs132390	C	T	1.04
9	22062135	rs1011970	G	T	0.0293
5	56699208	rs16886113	T	G	1.18
9	83217469	rs13293114	G	A	1.15
3	27145111	rs1357245	C	T	1.18
8	117869627	rs10103490	T	C	1.13
5	56688029	rs16886034	T	C	1.06
5	142290274	rs10051199	G	T	1.24
8	80443628	rs16907718	C	T	1.18
8	127343372	rs13281615	A	G	1.06
2	217431785	rs16857609	C	T	1.3
8	74567389	rs13260300	C	T	1.06
2	217041109	rs13387042	A	G	1.18
4	88322666	rs10022462	C	T	1.15
19	51869723	rs10411161	C	T	1.18
5	59041654	rs1353747	T	G	1.13
5	56857565	rs1017226	T	C	1.06
9	108074895	rs13294895	C	T	1.24
7	144477198	rs13230714	T	G	1.18
5	1279675	rs10069690	C	T	1.06
5	56733416	rs16886181	T	C	1.3
5	56727256	rs16886165	T	G	1.06
5	56826517	rs16886364	A	G	1.18
8	127359926	rs10096351	A	G	1.15
6	19443704	rs16882214	C	G	1.18
7	94758031	rs10269006	G	T	1.13
11	7379559	rs1023996	G	A	1.06
8	116197325	rs13267382	A	G	1.24
7	67594280	rs10263639	T	C	1.18
8	25974262	rs13256025	C	T	1.06
5	56874986	rs16886448	C	G	1.3
5	56838449	rs16886397	A	G	1.06
8	117178381	rs16889471	G	A	0.1055
8	37000965	rs13365225	A	G	0.0319
16	53821379	rs11075995	A	T	1.11
19	43779080	rs1685191	C	T	0.0
8	115667320	rs13277568	A	G	1.07
3	16737360	rs1375631	A	G	1.1
4	103450498	rs10016947	T	C	1.06
1	230289344	rs16851421	A	G	1.09
16	80616908	rs13329835	A	G	1.06
2	19212878	rs10169133	G	C	1.05
1	40914768	rs4233486	C	T	1.11
2	67879434	rs13416342	A	G	0.0
